x,y,v,w,stamp
5.797951156688863e-05,-9.943824770749315e-07,4.3555693538466224e-07,-8.547062371191612e-08,1744042731.9492116
5.7772182309404594e-05,-9.944215736018296e-07,2.4207164161328938e-06,-7.208638106540384e-08,1744042732.2490263
0.0012124826709610996,-9.98822543007847e-07,0.03350912060575036,2.1206717788087628e-05,1744042732.3483238
0.011609039013532104,-1.0241088757436591e-06,0.13562041699031854,-3.211747663743445e-06,1744042732.448801
0.032133493544162096,-1.054504584209274e-06,0.23359239927761302,-1.263662800216494e-05,1744042732.548396
0.05716744177698047,-1.0684854616453488e-06,0.24515501421680355,7.914308846045786e-06,1744042732.6483226
0.08318486575818224,-1.0630658355740657e-06,0.25959756821124386,-4.7026985242540845e-06,1744042732.7487278
0.11104533459954768,-1.0474245395070865e-06,0.2794774612784145,-4.791418332852816e-05,1744042732.8481843
0.1370791968691126,-1.0882777475923338e-06,0.23980458415850917,6.350198490274722e-05,1744042732.9485557
0.16163407653752687,-1.0851712991477293e-06,0.24076587724913423,-8.791916199554215e-05,1744042733.0488083
0.186356273296917,-1.0398172852874397e-06,0.2427459875831165,0.0004964186691985752,1744042733.1482668
0.21134681666896618,1.6341350843059597e-07,0.2457014351582703,0.0015884012790344068,1744042733.2484035
0.2366556631171759,4.112570530401253e-06,0.24890485665081508,0.0006992292963753884,1744042733.3482704
0.26228826665526056,9.524539730944163e-06,0.25206488927599885,-0.00113230459353734,1744042733.4485264
0.2882055268420592,1.4076017034260347e-05,0.2549241951483434,0.0004938796766130141,1744042733.5483189
0.31437390346166005,1.9805213625205136e-05,0.2573442993998796,0.0013313532741213864,1744042733.6483853
0.34084378346161115,2.7310736650395744e-05,0.2605971489019004,-0.0014607617713455858,1744042733.7484312
0.3586853266623532,3.115585552163191e-05,0.2638840775595332,0.0004884677339131921,1744042733.848356
0.3857635275536486,3.730001186758855e-05,0.26769757796097265,0.000543220094628692,1744042733.9485595
0.4132343898673187,4.452160237988566e-05,0.2716323064964887,0.00028571113242076854,1744042734.0484915
0.4409442249899026,5.310346419422147e-05,0.2707744996152727,0.0015286234589579253,1744042734.1481824
0.46886607969011124,6.448284287294646e-05,0.2747541722262706,-0.0008442603758589937,1744042734.2482567
0.4971127532115883,7.514664835888335e-05,0.2775297864392786,-0.003605716893487254,1744042734.34891
0.525751967378753,8.013438477321198e-05,0.2818954288685466,-0.0010599141260252676,1744042734.4485765
0.5551950291938686,8.239107802025018e-05,0.2915198731618981,0.0008852160969030577,1744042734.548373
0.5853078082370441,8.520970502298973e-05,0.2965339066217046,0.0016239063920097743,1744042734.648294
0.6159469796329655,9.056985116739823e-05,0.3020603532064447,0.0002931531434434522,1744042734.7485583
0.6471273482285717,9.753985370446048e-05,0.3074534160539666,0.0011469913009848841,1744042734.8484218
0.6788539366485337,0.0001100537682398444,0.3123651853318558,0.007420552388338123,1744042734.9484873
0.7111851237209809,0.00013959885227616007,0.3186650759994826,0.0046103829344622,1744042735.0482824
0.7442126058212984,0.00018223715059776188,0.325768439079543,-0.0015897403673582283,1744042735.1489081
0.7779619386212967,0.0002275311645652658,0.3327724746520691,-0.00018362502084079012,1744042735.248565
0.8008470074494348,0.00025946044786829474,0.3393730195429766,0.0017245928508095218,1744042735.3488898
0.8357539989612072,0.00031164321118486296,0.3463698754117433,0.000548508793043914,1744042735.4485512
0.8714081509357683,0.0003676394931802523,0.35403683208252573,-0.000107795977075203,1744042735.5485678
0.907871955713685,0.0004255201259543352,0.3623698262730115,0.0007925175566985698,1744042735.648728
0.9454346131637055,0.0004861707001834844,0.3708486193088528,-0.0011203929224118234,1744042735.748843
0.9829035042324001,0.0005440920911484474,0.3655520275170287,-0.0018670860181055921,1744042735.8484783
1.0207399212873611,0.0005974337977989789,0.3736270281465453,-0.0021354247241348804,1744042735.9484925
1.052720691222017,0.0006374658016215761,0.3008198912921732,-0.00038286554120692,1744042736.0481892
1.090298208162593,0.0006812050473730726,0.40201924585502347,-0.0006180000880345865,1744042736.1488738
1.1321473406224054,0.0007256246610167587,0.4138483212411409,-0.0012605242411322696,1744042736.2485738
1.1750208946537748,0.0007652131390518614,0.4229846183296412,-0.0006184553737649162,1744042736.3490615
1.218804726319758,0.0008018076101862905,0.4317732960686716,0.0004534158349838416,1744042736.4490058
1.2629327037595115,0.0008393478059888256,0.43227287025263716,0.002424042856669063,1744042736.5483034
1.3076251684288351,0.0008857141320628547,0.4401341125918035,0.005041498748504446,1744042736.6484473
1.3530713634949345,0.000945396812874331,0.4613909606105485,-0.000743684825040766,1744042736.7487125
1.4012797708885951,0.0010119691093574727,0.47801507684441474,-0.0009385379041285742,1744042736.8487148
1.43419134835993,0.001061054632364087,0.49008878118150867,0.0006433674489020343,1744042736.9482756
1.4845575000534068,0.0011370031334758523,0.5009595650917923,0.0030080801285607577,1744042737.0482287
1.5361052498841057,0.0012222278368058173,0.5131455789657176,0.0015801639925200094,1744042737.1482358
1.5889025110421318,0.0013187678735599425,0.5255484253590424,-0.0047791064745269255,1744042737.2484555
1.64356944160606,0.0014061090132139362,0.5406236025206737,-0.000295773801784254,1744042737.3486907
1.6981162470555033,0.001484413337917584,0.5312190894765836,0.0028436456670695477,1744042737.4486947
1.753700185722373,0.0015666831187509307,0.5463373301442923,0.0026136454688646346,1744042737.5482073
1.8122308814077013,0.001662765521753567,0.584451515149623,0.022576387931439044,1744042737.6483674
1.8730502873282533,0.0018478999876700574,0.5990196099792515,0.0063137145389230084,1744042737.7485042
1.935531710857834,0.002104670922555891,0.616038130494811,-0.017841544901361195,1744042737.8488994
1.9996216534154363,0.002368392396418199,0.6311873338013032,-0.012708689238789853,1744042737.9487202
2.065207831188644,0.0026415854549644837,0.645603174976773,-0.010876988822293003,1744042738.048496
2.132656530187623,0.0029204532166236695,0.6657579737456004,-0.006812372640033262,1744042738.1482825
2.20227910423973,0.0032170365262620053,0.6875944750590886,-0.007019304305634209,1744042738.2488754
2.274026365395125,0.0035327466755365427,0.7083027708037511,-0.007128833451295393,1744042738.3485546
2.3478349157321317,0.0038710262939665413,0.7284278749355463,-0.0050493968106028785,1744042738.448538
2.4237080351706197,0.004244715249664267,0.7484171879705315,-0.0017423585600065059,1744042738.5491004
2.475533147930022,0.004524186020850793,0.7753342969093335,-0.0017999653315488333,1744042738.6486118
2.5550361511138733,0.0050066492006859776,0.7984278472660071,-0.0018367850080304995,1744042738.7485683
2.636878519032317,0.005575501078462329,0.8210485185024471,0.0038114590643599684,1744042738.8486652
2.721060770646199,0.006265267876060171,0.8446558541765177,0.002256742253479002,1744042738.948372
2.8055440694722975,0.007046811398391826,0.8196613036342724,0.014057069952651557,1744042739.0485265
2.887846176601164,0.007904495582285113,0.7975340580095108,0.008577735757372454,1744042739.148213
2.9727060011762667,0.008893772014574496,0.8609447280768401,0.07439695543914894,1744042739.2487943
3.0639632504148384,0.010539944669128384,0.9278143969958977,0.06168290525384932,1744042739.3486633
3.1604227244542247,0.013021750016015294,0.9547247266166077,0.021149647784395226,1744042739.4482384
3.2594826513774997,0.016087058676753727,0.979676643568147,0.06334762143378588,1744042739.548467
3.3605355719319836,0.01989072989359858,0.9968038858942065,0.08701962051629628,1744042739.6486475
3.4586801451470657,0.024340205420791416,0.928925983857033,0.07986431999922704,1744042739.7484615
3.546410201868342,0.0289930660747164,0.8270166543556005,0.07555168237442014,1744042739.8482904
3.623727996123863,0.03368990350129072,0.7254214847185141,0.07471411168047765,1744042739.9484317
3.690628130073048,0.03827040345674528,0.6233952346198012,0.07538626216141843,1744042740.0487955
3.7473825358878003,0.04260562598075545,0.5291402548509814,0.194772777029012,1744042740.1485837
3.7816001534720556,0.04586394972603437,0.49864180182388146,0.7693141719961134,1744042740.248665
3.8319013210085044,0.05347056268382683,0.49847649346288325,0.7267949084029902,1744042740.348279
3.881509574302238,0.06460685831740744,0.49860686893069167,0.6958354838862789,1744042740.4486988
3.930134199683597,0.07940514126599843,0.4983000221756172,0.8008292139687233,1744042740.5483632
3.9774931205007538,0.09789833566452773,0.4983859687072885,0.5137298940806658,1744042740.648337
4.023402359904584,0.11927874450986065,0.5002462516938412,0.4299502605563467,1744042740.7486312
4.067949089804483,0.14338902770763912,0.5013921762564587,0.6575026816760086,1744042740.8488133
4.110795276304378,0.17029632426757052,0.50142450731433,0.3311612921214038,1744042740.9483883
4.152758237053434,0.19900680021032432,0.5000187860540195,0.24119717202420604,1744042741.0483596
4.1936978207789135,0.22909112905545972,0.5073025675434448,0.559800757949886,1744042741.148917
4.2333204963842785,0.2610469310665222,0.49961828265471353,0.22303728452034974,1744042741.2486966
4.272232605439208,0.2939511913943792,0.4997788546795721,0.15413714014602173,1744042741.3483744
4.310347559017417,0.32774069950448786,0.49919016797211346,0.47659905768728433,1744042741.4482532
4.347156716372948,0.3629733571173073,0.4996803354649567,0.23714688991759522,1744042741.5486026
4.38309438910428,0.39911553241162867,0.4997195001650705,0.23291347838040666,1744042741.648384
4.40657767217224,0.4236800885812236,0.49985114817363735,0.17147552591621867,1744042741.7486877
4.441236711103636,0.4610793354073401,0.498936613604249,0.2561585427915131,1744042741.8481638
4.474963650182063,0.49925152918445875,0.48749237606276713,0.4995401891042124,1744042741.948568
4.506966395910529,0.5386179189850295,0.5002564673117313,0.13761626689512416,1744042742.0484064
4.538180135643974,0.5789400347671378,0.49976314170455904,0.21923688496990348,1744042742.1483922
4.568621400703687,0.6198320449253708,0.499710889588625,0.1925683138137254,1744042742.2485185
4.5983134583759835,0.6612559158121817,0.49962017594360325,0.18315380978159781,1744042742.3487313
4.627117146187717,0.703263689925002,0.49913564664156773,0.3808138686491947,1744042742.4487467
4.654676841178978,0.7461099149514429,0.4996401318093506,0.05910653021124267,1744042742.5483587
4.681694159939217,0.7892588329980108,0.5003718124238632,0.13092140515106093,1744042742.648208
4.707972635993666,0.8328853491068571,0.49894382796799386,0.40596395455911977,1744042742.748236
4.7329627488395385,0.8772803143135566,0.49952506294815385,0.1207551398443969,1744042742.8482447
4.757274440596871,0.9220657982260455,0.49960929575413415,0.09160813040204886,1744042742.9482746
4.7809912716314535,0.9671778554086691,0.4995919211685536,0.11906900029952643,1744042743.0487404
4.804088811250168,1.012611839497865,0.4995263676835169,0.1722166039750096,1744042743.1486995
4.8263887306681195,1.0584320785286017,0.4993181355919136,0.2991245971803335,1744042743.2486064
4.847628384303055,1.1047690387487856,0.49975678916248467,0.08470774807999834,1744042743.348518
4.8614684164795,1.135808879817282,0.4995878573132688,0.1661127585012835,1744042743.4488153
4.8816139818347954,1.1826248014584395,0.49959552128918516,0.18569325943833387,1744042743.5485945
4.9009448688633235,1.229798265711037,0.49968244954422847,0.17077110608226378,1744042743.6485195
4.919425857391263,1.277313250984745,0.49958961766428006,0.23800318247579436,1744042743.748337
4.936891558798484,1.3252147986670912,0.4998677020812601,0.10131934787024822,1744042743.8481529
4.953611843601458,1.3733866228300304,0.49992091426268054,0.1338464148638668,1744042743.9485822
4.9694993034667405,1.4218183170045715,0.4995393404348577,0.2802305186284397,1744042744.0488424
4.984236842922854,1.4706026906037784,0.4996106434132528,0.1867695483413299,1744042744.1489701
4.998023391740764,1.519654202430509,0.4995126950306784,0.18130221727453824,1744042744.2489362
5.010844124586354,1.5689494800483657,0.4992646904862952,0.20512415120901137,1744042744.348415
5.02261992363095,1.6184868271801165,0.49919949461498725,0.21544537262445,1744042744.4487224
5.033277433152741,1.6682981030958972,0.4990965040648899,0.2853197083588573,1744042744.5492651
5.0426532086300115,1.7183745136782993,0.4992932570713648,0.19391143075365927,1744042744.6486049
5.050951408953936,1.7686449391909669,0.49926249426450364,0.21672232080646484,1744042744.7484157
5.058108187453824,1.8190933623837306,0.49923255891805873,0.23295906578500114,1744042744.8484533
5.064084186405642,1.8696980001983803,0.4992271389078874,0.23621462037547966,1744042744.9484177
5.067397157376583,1.9035079163151165,0.4990466155531571,0.2852709399223058,1744042745.048542
5.071177478637221,1.954320573851951,0.4990257218448237,0.20350326985727815,1744042745.1484342
5.07374249108379,2.0052239017802,0.49929555865905983,0.24601139136875347,1744042745.2487307
5.075085366198093,2.056175359861362,0.49951403552234147,0.24106459599796645,1744042745.3485796
5.075206541393227,2.107149435829716,0.49967789298136533,0.22126562998736093,1744042745.4488125
5.074121571763254,2.1581068208454695,0.49960196464859247,0.2861775879036624,1744042745.5484416
5.071690338871698,2.209011936718093,0.4996639501626938,0.19679762704688636,1744042745.6481645
5.068131070582043,2.259839702517146,0.4994924274490965,0.23007947515149008,1744042745.7485049
5.06330766655412,2.3105415988270996,0.4990698996928908,0.3527257667946378,1744042745.8489733
5.0569214705255305,2.3609926353489366,0.4992143592729333,0.22416861607648314,1744042745.949574
5.049271616394085,2.4113097866147775,0.49944456912456714,0.248546766612396,1744042746.0482714
5.040357346590184,2.461473052015334,0.4995519377112244,0.23789825158784905,1744042746.1491086
5.030229735327045,2.5114084562074392,0.4995756052495754,0.25310480459499957,1744042746.2487001
5.018791414881677,2.5610541642884783,0.4994071806737252,0.3543279838823847,1744042746.3483722
5.005823542028703,2.610335947908839,0.49985302025089245,0.1896855686165188,1744042746.448448
4.99656510240318,2.643027352925993,0.4997263209245346,0.25153542740798085,1744042746.5488596
4.976455076385685,2.7079409455347103,0.4996795347307038,0.23681791015619164,1744042746.6484306
4.9656229124197315,2.740143375999003,0.4996013981081692,0.2412010523305069,1744042746.7487426
4.948393444723099,2.788091503061233,0.49934315129013307,0.3229813935033592,1744042746.8485835
4.929795265862573,2.835493531465976,0.49826264859618985,0.16270146702461238,1744042746.9489715
4.910149319447702,2.8823958930478772,0.5007971274188445,0.202767486386985,1744042747.0483656
4.889393497737532,2.9289075993750933,0.4990039548850128,0.23312208446202615,1744042747.1486783
4.867561134294592,2.9749132888676866,0.4997733394426299,0.21572642794011299,1744042747.2483032
4.844637343608577,3.0204200295626844,0.49953344774892205,0.3225473777117479,1744042747.349297
4.8204332123979015,3.0652689197162086,0.4999924867682455,0.19341360847741584,1744042747.4493814
4.79524468842704,3.1095673175873557,0.49956427368678835,0.22263205478735792,1744042747.5484114
4.768963477618997,3.15320100360526,0.4991807634214089,0.38577239425142645,1744042747.6482027
4.741274640270678,3.1959624556477277,0.49996471256388486,0.20944241479939768,1744042747.7485797
4.712567857910519,3.2380579242753846,0.4998979856149943,0.20599477038540043,1744042747.84828
4.682910149996933,3.279447177577173,0.49976168336374027,0.22804944947166192,1744042747.9483173
4.652271734460369,3.3201384991256595,0.49982639423660835,0.2369666617093911,1744042748.0489662
4.631295313018544,3.346858245639378,0.4994084421037971,0.3255749926234786,1744042748.1485603
4.598808001362391,3.386093086960507,0.49962257125620607,0.16307902678026343,1744042748.2486265
4.565450654044195,3.4245676995451984,0.4999641648235127,0.24625876993340565,1744042748.3483813
4.531236127372565,3.462255680042411,0.4991208931386216,0.23206222565514256,1744042748.4482722
4.496152360534993,3.4991659610529484,0.4999154304593035,0.19856739199855367,1744042748.549041
4.46023163824194,3.5353040032652467,0.49943624188233127,0.2933139623006406,1744042748.6484654
4.423378322616086,3.57049655778079,0.4996463529748806,0.1647887269123793,1744042748.7483704
4.385836409813646,3.604952438319507,0.49986092394661324,0.2122461154620183,1744042748.8487275
4.3475157239332,3.638513955893658,0.49929855892846964,0.35799557800531256,1744042748.9488966
4.308218912882872,3.6708428814075353,0.4996796093093169,0.1984327586590523,1744042749.0482728
4.268122576365223,3.702290783815101,0.4998247335083598,0.2101227065045875,1744042749.148646
4.227292544418485,3.732725791967254,0.49997093820773475,0.3710248990724189,1744042749.2484913
4.185556542405439,3.7617891045537912,0.4988411365179354,0.21989124584641287,1744042749.3484602
4.143080228065998,3.789809143469929,0.4997028039715893,0.22617854107487728,1744042749.4487343
4.099892993757398,3.8168248078105713,0.49965120628301346,0.19561152700443185,1744042749.5489604
4.056114278400373,3.842903595494869,0.49955718910757213,0.22729142267088825,1744042749.6492
4.02660366439909,3.859731371760261,0.49956395048074487,0.20767873993705774,1744042749.7486117
3.9818976031212037,3.8841770561157065,0.4996626300297862,0.20197283069467778,1744042749.848255
3.936712155569795,3.9076493351725357,0.4994378945902488,0.3063719838445095,1744042749.9485111
3.890863791798416,3.9298620690431547,0.49967259460933794,0.185502003195876,1744042750.0483985
3.844497002619355,3.95099907477038,0.4995834072269997,0.22881810756168455,1744042750.1485353
3.797691988411175,3.9709902662521155,0.49950664028183356,0.3645111996529494,1744042750.2486494
3.7503217142689746,3.989546673794481,0.498873551250529,0.1658569420831671,1744042750.348488
3.702496633508274,4.007133717660812,0.49964377312735414,0.19975576459204852,1744042750.4487314
3.6543003494480253,4.0236841485750325,0.49944326099290137,0.203465599038212,1744042750.548335
3.605783076336239,4.039202557518023,0.4995432991741161,0.21941004190648866,1744042750.6482983
3.5569165382669654,4.053608568319237,0.4994280067632622,0.3264690371675717,1744042750.748667
3.5076555726642025,4.06664796993004,0.499494316007349,0.17044666233174824,1744042750.8483348
3.4581469456045775,4.078666712776197,0.49942054349539566,0.21527011261251275,1744042750.9485924
3.4083929882928103,4.089551542631691,0.4996695401108422,0.2249503783443296,1744042751.0483067
3.3583800812521036,4.099307085059625,0.4995981387252237,0.22912485041304095,1744042751.1488929
3.308157398832906,4.107852371938266,0.4989937806909201,0.33473446821637276,1744042751.2485178
3.2745562770603764,4.112679056686243,0.4960667403506434,0.367806959203277,1744042751.3482816
3.224103531235684,4.118013208381486,0.5007159523439655,0.4740641584520869,1744042751.4485703
3.1732116013719116,4.120658940428892,0.4858002652466962,0.9165622261874699,1744042751.5481997
3.1227096388300666,4.119218962817796,0.49405868334260716,0.8200561145265943,1744042751.6484745
3.0724990528075806,4.113353544605196,0.49775059025747354,0.7170264265568594,1744042751.7486439
3.022843917821253,4.103515494850255,0.49761921133232445,0.7037664907780883,1744042751.8486843
2.9742311212281183,4.08973298505357,0.5048624656298597,1.2072031592502106,1744042751.9481363
2.927225459899638,4.070830634943382,0.49862033507186504,0.8394025058442629,1744042752.048233
2.8818317273945655,4.047792203069363,0.4981869852980116,0.803047420260129,1744042752.1484065
2.8386461948979407,4.021310484438235,0.49806124219765135,0.6341362946859597,1744042752.2487519
2.7972461544015257,3.992008826810867,0.4976186555256671,0.6060144270924694,1744042752.3483698
2.757730555624591,3.9601852277693155,0.4977828036068507,0.4737473822157492,1744042752.4486282
2.719823339445849,3.9263006287616915,0.49946423568827425,0.3237558492468389,1744042752.5484314
2.68321447599987,3.890896205605775,0.4989058607733139,0.29243431765966493,1744042752.6485567
2.647837283523663,3.8542534329342333,0.49938769533735206,0.3261430211486344,1744042752.7485929
2.613728485408606,3.8164250459532783,0.4993966627191786,0.34521262603232056,1744042752.8484523
2.580930003050625,3.7774511997988798,0.4996269682762719,0.3163947579602383,1744042752.9485288
2.5597779339809072,3.7508832204480074,0.499671974277474,0.32092784848415756,1744042753.0484452
2.529147688438253,3.710184084333523,0.49936806064289585,0.3323272180425363,1744042753.1482341
2.499892562617141,3.668488880026268,0.49940079037901475,0.3139088497283043,1744042753.2483063
2.4720239960756496,3.625891328679568,0.49838642736088545,0.3403685364428677,1744042753.3485858
2.445655591934519,3.5824185039577596,0.498951243599505,0.34965232224539883,1744042753.4487207
2.4208238942789797,3.538022112610102,0.4992926562585278,0.32731991760930496,1744042753.5482981
2.397430892196621,3.4927667060417287,0.49955323107035743,0.24251985229943243,1744042753.6483486
2.375262913461728,3.4469123876491277,0.49955150146581356,0.19036122173399175,1744042753.7483225
2.3541383496491823,3.400576605379847,0.4996059326944599,0.18512787618563467,1744042753.848428
2.333075529100938,3.350482447048908,0.5655657027921812,1.001222629379214,1744042753.948319
2.3126639103583546,3.2891907570666516,0.6682419199372679,0.7983784663913872,1744042754.0488715
2.2943874190670472,3.2165643212617647,0.7677356117957351,0.7611998087341368,1744042754.149135
2.2800677720046907,3.132560007362749,0.8709563118068488,0.7545663784937364,1744042754.2486632
2.2709710520117286,3.040202750267089,0.9322744738880804,-0.006358805279245121,1744042754.3483045
2.2658846439681417,2.9779807250420465,0.9008698246256773,0.04274413670674686,1744042754.4484203
2.255770143789026,2.85486513833549,0.9165648172873571,-0.2004005532927695,1744042754.5484297
2.24994716940067,2.794046529642178,0.8772110007593952,-0.08504024285751242,1744042754.6483848
2.240244831154418,2.7079110289489265,0.831486955483228,-0.3032002495994982,1744042754.7482193
2.2280513871487724,2.623687497375012,0.8354305458863194,-0.2614426256774793,1744042754.848602
2.2134086494636374,2.5393430556384495,0.8462090472450434,-0.17482154563653254,1744042754.948503
2.1974090039621754,2.4567393356033573,0.8107769107335984,-0.09424011788888154,1744042755.0483956
2.181222120252817,2.376694046364265,0.7952251986666785,-0.024420297958208128,1744042755.1482925
2.1652759341287062,2.2978686448779237,0.7847896362099455,0.0895933427357382,1744042755.2484026
2.149258649685287,2.219394381357396,0.785467276821208,-1.0647518545638521,1744042755.348453
2.127844371025451,2.1462683427617284,0.7286688040918177,-1.3900397104124576,1744042755.4485495
2.098324091154103,2.0784316339299194,0.7225080480734279,-0.18565176833115343,1744042755.5485487
2.066273025192381,2.0148711041415983,0.6952515470049875,-0.48586140359928404,1744042755.6485302
2.031925668405674,1.9543103163655287,0.6784566597120274,-0.45375314898080693,1744042755.748262
1.996517282636874,1.8979911186230294,0.638763734893482,-0.36405667560240484,1744042755.8481877
1.95931512912216,1.8434598142194063,0.6660143617510079,-0.14921855284835786,1744042755.9485676
1.9191472407415948,1.7866366534164537,0.7006594004108196,0.04814588722963991,1744042756.0484076
1.8922886926545168,1.7484985097066605,0.6708172866096033,0.16507314373889237,1744042756.1485028
1.8555865267880154,1.6954387263969724,0.6094867476396741,0.06621789515830422,1744042756.2486956
1.8209198416931638,1.644959549461613,0.5970038850004121,0.017512615271100436,1744042756.3484552
1.7866919773994745,1.59503831799687,0.585403005311772,-0.07509437476600382,1744042756.4486034
1.7538568952779356,1.547620543824185,0.5548805255315298,-0.16866624962145124,1744042756.5482683
1.7199125293623176,1.4999995394777075,0.5801284306495422,-0.2111682893408084,1744042756.6483989
1.6848108753436644,1.4525233206645518,0.5782930205154998,-0.18665595457446124,1744042756.7482758
1.6503045771429792,1.4075218449114621,0.5389586965240256,-0.16551741535859849,1744042756.8487916
1.6165473955775456,1.3650167847632635,0.5287209236170071,-0.14577163350934785,1744042756.9483695
1.5827592210089483,1.3237551411386363,0.519295043647609,-0.10440334629965833,1744042757.0488603
1.549132626124396,1.2836664728489773,0.5093131199557984,-0.06428215963694489,1744042757.1482534
1.5159879105610292,1.2448335871920275,0.4959261157106889,-0.05255212590082046,1744042757.2482848
1.4832805411830126,1.2070272035627643,0.48731422588269,-0.04546259886380002,1744042757.3486216
1.4507592606648807,1.1698367031202328,0.48315267985536836,-0.042026547863541285,1744042757.44864
1.4185171028159658,1.1333104119285466,0.47530088470127974,-0.04362449210491971,1744042757.5484736
1.3863254251791073,1.0972008773966213,0.4639598795898885,-0.05790088120861978,1744042757.6485608
1.3654664142464499,1.0740218641914048,0.45388269388386526,-0.053698974198977074,1744042757.7485695
1.334552899606748,1.0399746582286598,0.4448229257657717,-0.05067263605872892,1744042757.848343
1.3040749314005948,1.0067938631128914,0.4354740292906043,-0.05475664985134795,1744042757.9483132
1.273449172021561,0.9738486906510967,0.45266928412048,-0.04511183127781141,1744042758.0484514
1.2440307291515373,0.9425455295755929,0.4151509767689853,-0.056037105022429194,1744042758.1486793
1.2138676050262633,0.910816590126952,0.4369225033638724,-0.056516801249745265,1744042758.2483253
1.1833543144143444,0.8790672158476143,0.4295870555476087,-0.046201338414561935,1744042758.3483155
1.1543204198152237,0.8491538158440102,0.3948322359485628,-0.03570344156809003,1744042758.4484682
1.1264616310920832,0.8206960833267583,0.3843279378039859,-0.038541780004210345,1744042758.5487132
1.0992873029295003,0.7931290139711163,0.3771090349173918,-0.03006327025004204,1744042758.6489012
1.0726036169932565,0.7661951001744012,0.3697876401524529,-0.021466822918697375,1744042758.7487779
1.0460527725279314,0.7395345150352467,0.35773843378343695,-0.029498196630677573,1744042758.8483214
1.0206425267769814,0.7141566860694822,0.3503989640476368,-0.024953603421135364,1744042758.9484138
0.9954526524510976,0.6890855432673614,0.34843719170618365,-0.01939392436072211,1744042759.0482779
0.970466484629696,0.6643042507256186,0.3443570929542008,-0.01883336846783689,1744042759.1489465
0.9540383651945997,0.6480614343156904,0.3358853820967745,-0.014594365392125861,1744042759.2486968
0.9291741899394429,0.6235050863540463,0.35625727691493936,0.4774284271583641,1744042759.348169
0.9063818557958208,0.5992769915997871,0.32337848677111336,0.39171784362345496,1744042759.4484625
0.8851864689008433,0.5743286950227335,0.3192038684082993,0.4581520360569664,1744042759.5488024
0.8657393692623209,0.5489136783761103,0.3120876359087378,0.5011939923612319,1744042759.6486042
0.8467620011500164,0.5212786553047069,0.3284126585589887,0.5059208190321003,1744042759.7483072
0.8295466556032479,0.4932851342402051,0.3191611302829024,0.49996124494158073,1744042759.8483338
0.8145549259639527,0.46588862864687314,0.2953114400184779,0.498597148314365,1744042759.9481559
0.8016894211378857,0.43922380743187944,0.28321855150503183,0.49920379086742306,1744042760.0482805
0.7898346677303861,0.4110195840338894,0.3038154327036696,0.5001174131048204,1744042760.148598
0.7792766106510959,0.38184517232055715,0.30396463177852,0.5005493510882064,1744042760.2484336
0.7708053198982527,0.3541677046512603,0.26849981566761905,0.5003198769477601,1744042760.348397
0.7641092625562466,0.32742499997053676,0.2717446829600395,0.5198351460251042,1744042760.4489129
0.7588230610487209,0.300375610038453,0.2705524846993974,0.5145116366423563,1744042760.5483296
0.7551282847581354,0.2742816948660437,0.2553417379973146,0.513087433825942,1744042760.649041
0.752864788545877,0.24854462182546477,0.25356821093015913,0.5147836112737498,1744042760.748682
0.7519399403809889,0.22184107568931563,0.2677885244140006,0.5190845971314461,1744042760.8484232
0.7520965623163753,0.20440803157040255,0.24690309047875408,0.5221726818037651,1744042760.9482605
0.7533698472241628,0.1799342916043686,0.22290517186988723,0.5062406862926363,1744042761.0482194
0.7558371553758091,0.15629819078951787,0.24937382938056876,0.49957396595890874,1744042761.148909
0.7598293488269138,0.13068229161670708,0.26008863749615957,0.49824997537577537,1744042761.248615
0.7651273251580056,0.10523084001565024,0.25230273204202686,0.4993123760854544,1744042761.3485582
0.771654944106002,0.08032868961055081,0.25241529126947804,0.5002478111289792,1744042761.4484847
0.7795891112606085,0.05534186627295556,0.2591771847010864,0.5002838066998437,1744042761.548397
0.78896946905463,0.030295095818700588,0.2636885448322838,0.4997873563041557,1744042761.6483686
0.7995695356959907,0.006300827302452081,0.2581543276494001,1.239684618273921,1744042761.7483957
0.8127889823867325,-0.016987675276765736,0.25496414148585594,1.03155170719317,1744042761.8484263
0.8283699837454924,-0.03899782262347442,0.2669234205188897,0.904135299861354,1744042761.9485373
0.84638640042575,-0.0598289381148504,0.27481501326352276,0.8850266554369038,1744042762.0483723
0.8666042836916354,-0.0792194381894724,0.2772094650866911,0.8899994978567408,1744042762.1497722
0.8884845888624701,-0.09665155754951986,0.28750453891381744,0.7639413396725145,1744042762.2488136
0.9132513719207089,-0.11335960074491318,0.29756373320733287,0.5315424614258528,1744042762.3482938
0.9401273460116054,-0.12928692482792653,0.3128749574683757,0.4357460211889865,1744042762.4487398
0.959318215152027,-0.1396025285698506,0.33159220013871327,0.46686413107523983,1744042762.5483723
0.9896755656817845,-0.1544531153170034,0.33738890103998237,0.381235552450498,1744042762.6483138
1.0210347638207922,-0.16832903503652538,0.33667190599389935,0.2955406562444613,1744042762.7485712
1.0532921816433523,-0.1813933096962328,0.3498928944740429,0.39435393653613743,1744042762.848462
1.0876760362760152,-0.1940111612301335,0.3757714136448391,0.4277037826306789,1744042762.9486175
1.125198235997498,-0.2062308087225171,0.39223038165041607,0.40147134209461843,1744042763.049111
1.1630872100414842,-0.2168333177953698,0.3871276464587694,0.4669819404174498,1744042763.148731
1.2032391163616756,-0.22613241905081757,0.41794039367157365,0.43202525785027945,1744042763.2485297
1.2471277394662843,-0.23436733011738323,0.4498821802570165,0.38168158881393605,1744042763.3483262
1.2931002684641526,-0.24118074429498654,0.45920883138036156,0.3788098484052303,1744042763.448361
1.3411417616962604,-0.24652310893346405,0.48471659024836267,0.34865392173054244,1744042763.5482597
1.3900186914975974,-0.2506541475195065,0.5001511499421019,-0.7253659189206271,1744042763.6489491
1.4388935539629546,-0.2581587969095345,0.48564687710116156,-1.905633362441217,1744042763.7486913
1.4872051201523333,-0.2756806556185375,0.5236935777897082,-2.544328354435666,1744042763.8486173
1.5330722078579935,-0.30744840145083985,0.563272363682765,-2.5840470758866316,1744042763.948375
1.5695865736781522,-0.3505729774996299,0.5511207230359778,-2.578909254390033,1744042764.0481832
1.5864158608815842,-0.38274216441044784,0.5172615995991143,-2.6144156100709726,1744042764.148252
1.5996565964442662,-0.43195567683049496,0.5278417418206144,-2.486938749250324,1744042764.2484508
1.6001419149724956,-0.490724363957388,0.598740897948442,-2.2746336060874843,1744042764.3485265
1.586842710043022,-0.5504208753799971,0.6174958365230716,-1.715337131284371,1744042764.4485576
1.5640747966542248,-0.6047786857052122,0.5999764247780514,-1.3150681595363805,1744042764.5485306
1.5330937311833515,-0.6572724451038187,0.6099080426922012,-1.1228824263666872,1744042764.6489248
1.4972724389513639,-0.7047666206898662,0.5718951706921884,-0.8219946151324613,1744042764.7482302
1.4600729519418454,-0.7462145409160926,0.5269770453699015,-0.5031211390978295,1744042764.8488822
1.423575791291401,-0.7827352228257809,0.49260139083371046,-0.45225597967771525,1744042764.9485312
1.3879493913654897,-0.8153376219473137,0.45550693813232923,-0.6984318098715072,1744042765.04836
1.3531044708976119,-0.8433318186622021,0.42849215888534187,-0.7457811635214793,1744042765.1488645
1.3184256277205515,-0.8672047035082326,0.4047267613426925,-0.7104861234918911,1744042765.2484512
1.2832116323594884,-0.8877755086039196,0.39752970748525907,-0.7803210058565467,1744042765.3483758
1.2469149346614374,-0.9052990724280175,0.39422052690305065,-0.8675078288726636,1744042765.4486616
1.2103056947717519,-0.9193653035389023,0.3779295009835717,-0.8034878849450919,1744042765.5483282
1.185681018181815,-0.9269625237913468,0.38020439560994806,-0.5988422852916312,1744042765.6482995
1.1487392504524312,-0.9360159690646197,0.3872074267884527,-0.6286291697873952,1744042765.7485957
1.111510996741949,-0.9425920880653058,0.36265637341603496,-0.5267638417767875,1744042765.8486521
1.075417502667447,-0.9469593216357008,0.35182594143690804,-0.4805318152866342,1744042765.9486566
1.0405299756703585,-0.9494182096849363,0.34095484587112934,-0.3949393759976021,1744042766.0485678
1.0070320145780265,-0.9503606706076537,0.3215766180510502,-0.4375233116619905,1744042766.1482015
0.9749502921496424,-0.9498832817123539,0.30867247254228125,-0.38264826212418984,1744042766.2486258
0.9431476149233856,-0.948108818058056,0.3133345809221499,-0.2971198717494402,1744042766.3487203
0.9116874289199727,-0.9451996029416281,0.307542146163061,-0.3323436796230211,1744042766.4487288
0.8814263143787981,-0.941287973332933,0.2921019654166368,-0.369669465517886,1744042766.548747
0.8526057861756469,-0.9364708911484813,0.2832045396274527,-0.3588996219811969,1744042766.6485162
0.8243981607011254,-0.9307159782202031,0.2820396716913755,-0.3102367217939648,1744042766.748518
0.796508191437276,-0.9240521758631186,0.2743787459378481,-0.3016315884700642,1744042766.8483174
0.7703362713459563,-0.9169154478098633,0.26426478763993316,-0.29753934660892395,1744042766.9483552
0.7448376696209706,-0.9091484902761081,0.26262579498314814,-0.2609616100888586,1744042767.0483668
0.7197689059281857,-0.9007690733984139,0.2597465126869954,-0.22442761388280663,1744042767.1483004
0.6954492341241107,-0.8919783798380594,0.2517510536509295,-0.20703403654713207,1744042767.2486463
0.6719656874854305,-0.8828902023639051,0.2444000566487532,-0.1948608154315134,1744042767.3484278
0.6567235142882529,-0.876685210233612,0.2389797208310225,-0.19642821313440212,1744042767.448665
0.6343544087496128,-0.8671473637714812,0.23629865122891483,-0.18447370055355275,1744042767.5492492
0.612409819306531,-0.8573025756034309,0.2337810133376345,-0.17524783221320006,1744042767.648774
0.5907172839688243,-0.847102879373831,0.23633308396210004,-0.18519834273791547,1744042767.748952
0.5688099313214386,-0.8363071322685978,0.240386227754397,-0.18886234226685067,1744042767.8484352
0.5469753276427837,-0.8250311815132638,0.24094061900649325,-0.17958843242259453,1744042767.9487085
0.5255071463453792,-0.8134059896003719,0.22792874394226523,-0.19321402773023402,1744042768.0485694
0.5063113811282084,-0.8025352803415735,0.21071109724210246,-0.18052854755417155,1744042768.1484041
0.4882011409339745,-0.7919174067875898,0.20332875433367018,-0.14234779173119044,1744042768.2485082
0.47088671478972477,-0.7814448914301146,0.1957968914943027,-0.11173753382496834,1744042768.3488812
0.4544040890272437,-0.7711973561888389,0.1874519404435477,-0.09447586434844563,1744042768.4482653
0.4387599221278883,-0.7612252304321582,0.18032774441906102,-0.08159576689133041,1744042768.548833
0.4235830008391073,-0.75134167551849,0.17699591347909346,-0.08020215692520923,1744042768.648817
0.4085574999948752,-0.7413903835731872,0.17662809333842952,-0.08383546464782551,1744042768.7484453
0.3936429498834936,-0.7313354267356118,0.17615685016923716,-0.07584183406063576,1744042768.8488092
0.38384130307344655,-0.7246345608333481,0.1729990007708081,-0.0733173821728188,1744042768.9486957
0.3693828681887668,-0.7146173057581169,0.17130336836361176,-0.07426356195122323,1744042769.0483057
0.35506942617507076,-0.7045427720165651,0.171983605338988,-0.0750209922262074,1744042769.1486127
0.3408541866632647,-0.6943780888529998,0.1696626478113425,-0.07105287329095152,1744042769.2485194
0.32713057174101806,-0.6844150625088332,0.16445910164542757,-0.06305302801272607,1744042769.3486156
0.3132941920397341,-0.6742278755840844,0.1701555905205271,-0.06500639126959395,1744042769.4483938
0.29952363458546305,-0.6639494087917471,0.16722778359039964,-0.06006412298114337,1744042769.548625
0.28522405344851165,-0.6531079114367107,0.16343265937009516,-0.1826184527460415,1744042769.6483674
0.27303169278219164,-0.6436631742235827,0.1497832541305028,-0.07956961392402204,1744042769.7486093
0.2611775208090978,-0.6343951746517724,0.14626686959618718,-0.032368241802208174,1744042769.848272
0.24967571263064317,-0.6253233384785275,0.14221062263216444,-0.028041413822757016,1744042769.9481547
0.2385600911927411,-0.6164828784592077,0.13772572631753086,-0.0313117513240645,1744042770.0484447
0.22802021416858387,-0.6080414205215999,0.1296779469863057,-0.0033545385355877606,1744042770.1483684
0.21774334303714674,-0.599785390967023,0.12960085022837528,-0.009606360269170406,1744042770.2505667
0.20731264615556474,-0.5913787390920064,0.13292491308172982,-0.03115046683790497,1744042770.3485975
0.19695316351859157,-0.5829862675447766,0.1300790165605208,-0.024147732842940018,1744042770.4488878
0.18674672317161728,-0.5746790732083192,0.12878172045615688,-0.021870489596349876,1744042770.548437
0.17999885203013466,-0.5691655650553678,0.12779369096032173,-0.025023398187962502,1744042770.648368
0.16997847965809465,-0.5609431718616384,0.12599981638107188,-0.02796817646774857,1744042770.7486036
0.16014690248087823,-0.5528302572124696,0.12325766972483404,-0.025793068534803332,1744042770.848422
0.15058899797264833,-0.5448991286506333,0.11926107037434378,-0.02302105014160562,1744042770.94876
0.14142044290643355,-0.5372531709845956,0.11622572239505125,-0.020964556013911534,1744042771.048585
0.13203467068163977,-0.5293912350306492,0.12199896194474705,-0.02157250586645716,1744042771.1482697
0.1226398003284147,-0.5214874881688554,0.11952618122191813,-0.018840974416004835,1744042771.248398
0.11381308633641818,-0.5140323115713368,0.1101190874456133,-0.014852475174286289,1744042771.3482969
0.10534282333405329,-0.5068535845419417,0.10816370914131704,-0.014184810786748292,1744042771.4485674
0.09705452586267296,-0.4998072527361807,0.10613380064744912,-0.011535461523241036,1744042771.5486374
0.08899058242538574,-0.49293366138972217,0.10309128625076558,-0.011005764997002145,1744042771.6488132
0.0811840043074012,-0.4862634739881765,0.09974936219145142,-0.010611685007786996,1744042771.748753
0.07355814260267683,-0.47973300187404344,0.09800622155115961,-0.009328084645308928,1744042771.848269
0.06602562257777576,-0.4732695053412376,0.09712294932640587,-0.008624579909607029,1744042771.9490094
0.05857792190477165,-0.4668667128677839,0.09592578536954842,-0.010034789017530426,1744042772.0485058
0.05367498880455335,-0.46264459451863005,0.0943772375373122,-0.009861436240863471,1744042772.1483157
0.04643180007857741,-0.45639672056389374,0.09264611102760538,-0.009140393379232071,1744042772.2482502
0.03933080441326662,-0.45025962701621175,0.09080272555827237,-0.008435680141774794,1744042772.3483183
0.03237545185140707,-0.444237709362494,0.08916314622700698,-0.008238295713851656,1744042772.448369
0.025607459793435844,-0.4383682715078215,0.08741579474640829,-0.00782976027123116,1744042772.5488498
0.018675681595315755,-0.4323472190098992,0.09136613624995935,-0.007677453384972821,1744042772.648491
0.011740333293989347,-0.42631375690126944,0.08952662840956555,-0.0069494988119537335,1744042772.748455
0.005219907188055366,-0.42063312138938963,0.0826465043194158,-0.005632117393501061,1744042772.8482573
-0.0010294091518128943,-0.4151817793689263,0.08071910556379722,-0.0052134964900833886,1744042772.9483411
-0.007154590918372433,-0.4098325914878025,0.07920030353578282,-0.00487968870410509,1744042773.048421
-0.013128692583244297,-0.40460983691696756,0.07734898413258307,-0.004674644954303933,1744042773.148378
-0.018903510742765285,-0.39955638309326014,0.07450942250346825,-0.0036130876726307654,1744042773.248273
-0.024538867819915655,-0.3946209607193871,0.07314530614874837,-0.0030922312615644467,1744042773.3488755
-0.0301284636298201,-0.3897219762970247,0.07287069831067258,-0.004659103190166313,1744042773.4483106
-0.03565651217260466,-0.38487264633835816,0.07172866189572277,-0.004521692435627746,1744042773.548232
-0.039284712411484096,-0.3816875567673126,0.07026250944931997,-0.003377441523209117,1744042773.6484292
-0.04463846252973803,-0.3769847371573916,0.06908733971311636,-0.003316095792199001,1744042773.7487779
-0.04990776268937062,-0.3723529043238413,0.06829994285948846,-0.004526398361804811,1744042773.848259
-0.055098332223910994,-0.3677865418018944,0.06702303766180993,-0.004246336772850528,1744042773.9487362
-0.06013173565617349,-0.3633546285953442,0.0652727789024595,-0.003036751496203335,1744042774.0485783
-0.06528056934769583,-0.3588176592198791,0.06830551713133769,-0.0039941008673826115,1744042774.1482239
-0.07044611380162798,-0.35426224875794576,0.06713514275588767,-0.004001357046194354,1744042774.2488985
-0.07530289070019537,-0.349975761164305,0.06188824509221904,-0.003180540680811321,1744042774.3482273
-0.07994878506849988,-0.34587257128190474,0.06028570606481108,-0.002391846125142489,1744042774.4485157
-0.08450400702556607,-0.3418471878060818,0.05935831996557659,-0.0020627093429908087,1744042774.5485458
-0.08895174201895455,-0.3379148780490765,0.05779035176553273,-0.0020082196713889725,1744042774.648542
-0.0932512662514646,-0.33411201765654014,0.05570500439085144,-0.0006670851082473717,1744042774.7482915
-0.09745020466076584,-0.33039721932411553,0.054776202208357834,-0.0009363611526760258,1744042774.8485572
-0.10160668771670946,-0.32671906776057896,0.05438396419500347,-0.0017889796407577344,1744042774.9482775
-0.10571506960896294,-0.32308231081573663,0.053619348075966286,-0.0017181604803892295,1744042775.0483074
-0.10975683466212477,-0.31950335417001,0.05261009767498891,-0.0015162195952864296,1744042775.1484125
-0.11372841459139764,-0.3159854146455208,0.0517029877915887,-0.0017891202627054528,1744042775.2488735
-0.11763406828907551,-0.31252462460041663,0.05095938575906729,-0.0019269333923672186,1744042775.3482356
-0.12019790819392569,-0.31025210165291506,0.04997674754615988,-0.00163886059485886,1744042775.4483297
-0.12397539906892566,-0.306902847388821,0.04872416272524985,-0.0014882636648388418,1744042775.5482535
-0.12766657617625254,-0.303629070923838,0.04775538848671246,-0.0014023345835705722,1744042775.648504
-0.1312805746193286,-0.3004228281208799,0.04684216501380504,-0.001452514665520389,1744042775.748722
-0.13479806875200032,-0.2973013269345535,0.045773148516467535,-0.001219466371138972,1744042775.848323
-0.13840265195755458,-0.2941017029191435,0.04799235844413822,-0.0011851320248324427,1744042775.9484818
-0.14217855575286104,-0.2907491500906102,0.05019170752303502,-0.0013846058930581933,1744042776.048691
-0.1458245915678279,-0.28751103029462405,0.046642521891538724,-0.001090111350968917,1744042776.148799
-0.14919339655673494,-0.28451843648369085,0.04295633363911809,-0.0008758314887636709,1744042776.2486846
-0.1524323130083833,-0.2816406472128078,0.042348069915088785,-0.0006657448663705159,1744042776.348572
-0.1555907906416626,-0.27883386967284957,0.04114100112171469,-0.0007146523844254292,1744042776.448313
-0.15862794642119907,-0.2761344773088874,0.03935957094395945,-0.0008438194655591058,1744042776.5486557
-0.16155642624616637,-0.2735312532186568,0.037986407094959894,-0.0006702841171430829,1744042776.6486502
-0.16444395938522563,-0.2709640364103318,0.03789679347895713,-0.0009886589702989392,1744042776.7485306
-0.1673173617836666,-0.2684089008437432,0.03763049849735955,-0.0011266525443750653,1744042776.848253
-0.1701556963726991,-0.2658844042105051,0.03709255967546213,-0.0012526331691195343,1744042776.9484284
-0.1720245717183428,-0.2642218418309241,0.036579880446846236,-0.0012468776904295204,1744042777.0483303
-0.17479787815098174,-0.26175417220782826,0.03612328266021353,-0.0006177350518036809,1744042777.1484342
-0.1775353679973295,-0.2593179380446841,0.03551709718028202,-0.0005957949416941238,1744042777.2484477
-0.1802208800684265,-0.25692766602849104,0.03475139469659775,-0.0008925610658275278,1744042777.3484068
-0.18294456114165294,-0.25450308470913524,0.03628612529782841,-0.000914331097464603,1744042777.4483695
-0.18579152062548945,-0.2519683278390897,0.03786883833254805,-0.0005140631554254476,1744042777.5487988
-0.18853668775213495,-0.24952388706180256,0.03508918304229077,-0.00045772532194186837,1744042777.648726
-0.19106649614397178,-0.24727096117693032,0.032258201371510704,-0.0005294317224767115,1744042777.7483666
-0.19348903300110198,-0.245113324709592,0.03166898485808043,-0.00044795802646764376,1744042777.8484833
-0.1958500211917204,-0.24301029281960795,0.030703917406098964,-0.0006878388589437814,1744042777.9487548
-0.19812129290955185,-0.24098692030410704,0.02947212877113716,-0.0005441286525409799,1744042778.0482073
-0.20031203636568237,-0.239035076556906,0.02845128365523532,-0.0003701006994535495,1744042778.1496208
-0.20247520670900562,-0.23710761894004553,0.028380213373127718,-0.0004941634089123176,1744042778.2482924
-0.20463051580805802,-0.23518697891414792,0.028299464884261116,-0.0003931585022365445,1744042778.3483908
-0.20676449111543685,-0.23328518203094578,0.027937097922852892,-0.0004355092350594367,1744042778.448731
-0.2088694780921378,-0.23140906273180586,0.027511947256602325,-0.0002528979306157309,1744042778.5484242
-0.21025764522338528,-0.23017176166741724,0.027172842550365152,-8.190081595694739e-05,1744042778.6489594
-0.21231606374002318,-0.22833701377640644,0.026783560422839157,-0.0002114344004238659,1744042778.7482445
-0.2143333963771155,-0.2265388376995731,0.025986329213632763,-0.00037749279807933623,1744042778.8488061
-0.21629606489864123,-0.22478928298040066,0.025398845719563898,-0.00039705062974419226,1744042778.9483502
-0.21820303904145522,-0.22308923913002543,0.02494244192219592,-0.000389460074498606,1744042779.0487418
-0.22015874684944875,-0.2213455855109093,0.02607937556735741,-0.000486637435186994,1744042779.1482902
-0.22211626070185259,-0.21960015180276496,0.02554040616286566,-0.0004379624870982822,1744042779.2487178
-0.2239536997893234,-0.21796163694802412,0.02351086837635735,-0.0002939833431532231,1744042779.3482068
-0.2257169994610759,-0.21638913887703318,0.023017694066829,0.00016509905692231337,1744042779.4486914
-0.22745047821771486,-0.21484323549635564,0.02268590589412904,0.00030567107298548434,1744042779.5484505
-0.22914299934400947,-0.21333389016926405,0.022076403553953308,-0.00017402892771017402,1744042779.6485898
-0.2307825356833774,-0.2118717733106597,0.021287496951494338,-0.0001456163824516953,1744042779.7486565
-0.23238640157796803,-0.21044144654259622,0.021001149366865087,0.00010449310678502542,1744042779.848771
-0.23397415984009226,-0.20902549657570924,0.020836830940510996,-2.7537634666284073e-05,1744042779.9483721
-0.23554122818142975,-0.20762798405415273,0.020498832764450112,-0.0002975093032777067,1744042780.0486887
-0.2370794136733562,-0.20625616975756642,0.02010208714794156,-0.00037268718197881355,1744042780.1486723
-0.23808985063196642,-0.20535497741632522,0.019779695714576495,-0.00021498057914681206,1744042780.248402
-0.23958533942904198,-0.20402111452117733,0.01947312561891374,-0.0002470992182066483,1744042780.3485117
-0.24105432609008373,-0.2027108268917766,0.01901121116748323,-0.00012707101148832595,1744042780.4482353
-0.24249033936006367,-0.20142990033914096,0.01860068714905383,-0.0002032058209718059,1744042780.548467
-0.2439506635731756,-0.20012724989427463,0.019491969414889086,-0.00025343797624098846,1744042780.6485655
-0.2454814923371653,-0.198761647274879,0.020395311129793876,-5.222821311360916e-05,1744042780.7485077
-0.24695807821979476,-0.19744440536027302,0.018885382011478075,2.0880059415309983e-05,1744042780.848917
-0.2483203450140382,-0.19622913074906678,0.01745943524455803,-0.00012831499108915191,1744042780.9487786
-0.249627898685639,-0.19506264490521624,0.017110834726981022,-7.491892984295908e-05,1744042781.048167
-0.25090382167900915,-0.1939243653454259,0.016656794591318407,-6.775307993177456e-05,1744042781.1489487
-0.25213232357728455,-0.19282836628880765,0.015900131499091148,-0.0001920481708189951,1744042781.2484362
-0.253316551378847,-0.19177183226965788,0.015431207509151942,-0.00024264318046361274,1744042781.3488252
-0.25448356889193235,-0.19073060942077857,0.015338055080834478,-9.988219082980089e-05,1744042781.4483693
-0.2556448416625285,-0.18969449274515446,0.015254822700568653,3.040268611660519e-05,1744042781.5486507
-0.25679259697242435,-0.18867042733909903,0.01500148851506733,7.888056893825544e-05,1744042781.6486547
-0.25792463729474197,-0.1876603894896716,0.014826509471179472,-2.5897181883884215e-05,1744042781.7482712
-0.25867131685196854,-0.18699417903593774,0.01464357338561243,-9.993500881821547e-05,1744042781.8483949
-0.25977779496459896,-0.18600693212779726,0.014364647020616829,-0.00010149955661121743,1744042781.9482944
-0.26086314418909057,-0.18503851540079702,0.014044727470225483,-0.00016970492725616908,1744042782.048416
-0.26192426187822704,-0.18409168714207128,0.013735900396075734,-0.0001875467848182037,1744042782.1482258
-0.2630025425054735,-0.1831295075681755,0.014382706544488952,-0.00018141781591713002,1744042782.248351
-0.2641300832874063,-0.18212333050754045,0.015007917763732444,-0.00010233321564313059,1744042782.3483214
-0.26521687465416544,-0.181153491410049,0.013907046829269333,-2.857914321923619e-05,1744042782.4484036
-0.26621846402652405,-0.18025967204181995,0.01278322010397567,-4.446529621491304e-05,1744042782.5484333
-0.267179144691388,-0.1794023476112439,0.012578621832167028,-3.921524093418819e-06,1744042782.6483552
-0.26811645551747587,-0.17856587991023473,0.012235722278477235,0.00014151653120355565,1744042782.7483273
-0.269019776892876,-0.17775975669319108,0.011705345362730083,8.718006668619236e-06,1744042782.8488345
-0.26989178541859904,-0.17698157818378468,0.011333425185153213,-9.707792441270156e-05,1744042782.9491649
-0.2707513677650909,-0.1762144834619831,0.011297058289760289,1.3275359545116926e-06,1744042783.0489032
-0.2716077970821054,-0.17545019963034864,0.011257208831780087,-6.751196959754213e-05,1744042783.1484063
-0.272455395230299,-0.17469378938503938,0.011094441014268888,-9.857718440513731e-05,1744042783.2483947
-0.27329066424785226,-0.17394837005118327,0.010935887868322686,-7.90563366024709e-05,1744042783.3490217
-0.2738416809240556,-0.17345661949070307,0.01081535123015166,-8.959054303382982e-05,1744042783.4483178
-0.27465905540057733,-0.17272714874578238,0.010618736269315868,-6.631859922263127e-05,1744042783.5490239
-0.2754603956944277,-0.172011977462415,0.010367670937798031,-2.7296456144971666e-05,1744042783.6486487
-0.27624114154236346,-0.17131517833519197,0.010079679182490423,-4.679724014836933e-06,1744042783.7483993
-0.2769981360943275,-0.17063957705860305,0.009878629354386758,-3.8124151897258256e-05,1744042783.8484383
-0.27777476112238364,-0.1699464541960064,0.010368012806444102,-2.467787524480976e-06,1744042783.948399
-0.27855186682910543,-0.16925290093351164,0.010137553145043948,3.5568665329146623e-05,1744042784.0488284
