x,y,th,stamp
8.407659382350827e-05,0.0,5.377637221288091e-10,1743780365.974801
0.00064716615281346,1.8027554378112032e-13,1.6143354172661024e-09,1743780366.2740726
0.0051537383762137205,5.578413360128362e-12,7.610989612515542e-08,1743780366.3742507
0.0174101180940551,7.778372936962233e-10,3.2327398581900676e-07,1743780366.474322
0.03675958439905672,6.621300715956852e-09,5.152784023629472e-07,1743780366.5748286
0.060048335021075074,1.846210791794042e-08,7.739427977426986e-07,1743780366.675233
0.08543135864353843,3.805715470183431e-08,1.0004594453167428e-06,1743780366.774865
0.11200018178438535,6.477113283363136e-08,1.148323562148449e-06,1743780366.874699
0.13545065671530612,9.215972661668566e-08,1.164718240606674e-06,1743780367.0746205
0.15832329870155307,1.18713101145339e-07,1.260304844106709e-06,1743780367.1746032
0.1829603465163638,1.4971428853026203e-07,1.3506479314467044e-06,1743780367.274344
0.2079294580922815,1.8343164509958718e-07,1.3140874680780487e-06,1743780367.3741179
0.23286346894655013,2.1619561216884843e-07,1.0523557457028582e-06,1743780367.473984
0.2587533097224994,2.4355845614947956e-07,1.0775588177136692e-06,1743780367.5741522
0.28552089503253597,2.724148600273659e-07,1.1602290504615252e-06,1743780367.6739895
0.3123161714019491,3.035019795978003e-07,1.104537481478288e-06,1743780367.7749636
0.3393582602219993,3.333777453015849e-07,1.2473747866355228e-06,1743780367.87433
0.36676609991568493,3.6754448232548366e-07,1.4435652380262747e-06,1743780367.9744601
0.3945718250857376,4.0763544436738027e-07,1.6698524233774942e-06,1743780368.0739474
0.42259847066623085,4.543998796122961e-07,1.8440247358304073e-06,1743780368.1743565
0.4511106326250311,5.068968333472255e-07,1.972969221981058e-06,1743780368.2741377
0.4800991945040466,5.640553186098192e-07,1.912856152130009e-06,1743780368.3742938
0.5055067573887535,6.126950766430038e-07,1.8088087842455085e-06,1743780368.4738736
0.531457888040665,6.597299861940841e-07,1.7703955834175178e-06,1743780368.5741103
0.5601764973303618,7.1060962148746e-07,1.7921209303950344e-06,1743780368.6747255
0.5903951675643117,7.647677802723667e-07,1.8003464600636718e-06,1743780368.773927
0.6214728005037297,8.207168289429083e-07,1.8385534528829048e-06,1743780368.8747094
0.6531256278683915,8.789016117078265e-07,0.0002965673192822124,1743780368.9743245
0.6853762629257628,1.0369312524601504e-05,0.0007622091286068739,1743780369.0740602
0.7182696934025126,3.525796447880483e-05,0.0010227665263318811,1743780369.174316
0.7519900279057102,6.957471624469979e-05,0.0011690716096124094,1743780369.274275
0.7863130718331923,0.00010959271801673827,0.0013186280723679082,1743780369.3743224
0.8214828404823962,0.00015587350026880018,0.0014153415825638737,1743780369.4742477
0.8526956114481612,0.00020036046028915086,0.0013945522211350823,1743780369.5753543
0.8897898966906764,0.0002518976475905324,0.0013429402473193648,1743780369.6744218
0.9306833287965299,0.00030680408590008315,0.001262808666385403,1743780369.7743485
0.9652176387327651,0.00035024236900028336,0.0012364504648371896,1743780369.8740313
0.9996942563073243,0.00039294472769366357,0.001221782055201882,1743780369.9745023
1.0375251170124882,0.00043918797995425447,0.001223614176328822,1743780370.0740855
1.0756281555279463,0.000485807004134946,0.0012498383861173344,1743780370.1743836
1.1125858830275148,0.0005320042341190031,0.0012904601159659617,1743780370.2745335
1.1521761039121694,0.0005830351990130244,0.0013095253531281255,1743780370.3747609
1.194677961983441,0.0006386700871519673,0.0013543803256446324,1743780370.4747899
1.2386214181910848,0.0006981555028428878,0.0013964334672494983,1743780370.5743325
1.2839339006184558,0.000761405898482676,0.0014305937990801605,1743780370.674319
1.3303123849864342,0.0008277346448252325,0.001467117015942903,1743780370.7743158
1.377977017873794,0.0008976344643234807,0.001490277791957948,1743780370.8752446
1.4275314000416892,0.0009714492543175911,0.0015208714874104373,1743780370.9744575
1.478663613130935,0.0010491924936500707,0.0015458908363180169,1743780371.0743926
1.5307030402579092,0.0011296205195946358,0.0015679372234877968,1743780371.174494
1.577083816937131,0.0012024262130553246,0.0015892378831563845,1743780371.2744963
1.617910597618923,0.0012673300061929404,0.001603420077351376,1743780371.3742085
1.6571169784409003,0.0013301953956254362,0.001617819952602906,1743780371.474491
1.703776838713849,0.0014056042821592755,0.0016312755434746246,1743780371.5744956
1.7587211677061925,0.0014951992759812468,0.002303068394471685,1743780371.67439
1.8170514463843774,0.0016290465593921943,0.0044042937091254,1743780371.7742643
1.8765188750185635,0.0018902682623487376,0.006091501285754946,1743780371.8742259
1.9367588657075856,0.002256109592938354,0.006831520504428571,1743780371.9740434
1.9988628725698396,0.0026791136686405656,0.008037979676604181,1743780372.0755515
2.063978649010735,0.0032007581013152736,0.009204397573615014,1743780372.174336
2.132203415068129,0.0038265923657351828,0.00995457422051765,1743780372.274415
2.2033740518938134,0.0045331148831684424,0.010265075948290946,1743780372.3740132
2.2758175144272323,0.005275836297034921,0.010583702566284558,1743780372.4738908
2.349190465008098,0.006051804860251134,0.010965432785451425,1743780372.5743108
2.414708143914432,0.00677207661909957,0.011214304026651613,1743780372.674097
2.4825136960759777,0.007531019344443723,0.011476725733728939,1743780372.773986
2.558773932469502,0.008405577303399475,0.011708316024510957,1743780372.8751338
2.64031006985682,0.009359785978987298,0.012042342746448576,1743780372.9740589
2.724922562792899,0.01037845981804836,0.01239639187517541,1743780373.0744643
2.8112908730376156,0.01144888650342386,0.012330714118359839,1743780373.1744652
2.8997376395229653,0.012539434929007554,0.012240901286620825,1743780373.274032
2.9907876841211687,0.013654062623400328,0.01564921732505703,1743780373.3743188
3.0850634798955356,0.015125876867811345,0.022587761942302897,1743780373.4740465
3.1812402056890106,0.017300353484388808,0.027607847263040122,1743780373.5741582
3.27792048937221,0.019976944280896126,0.0317515174089818,1743780373.6741755
3.3742331798231517,0.023043361864768686,0.03635667772764286,1743780373.7750406
3.4630925000047306,0.026286960239977397,0.041151825638736796,1743780373.874135
3.5447788936237714,0.029626601921600982,0.045995093827996505,1743780373.9742386
3.6175797102640854,0.03296926753464317,0.050779231325877104,1743780374.0740252
3.6655548461480034,0.03541224183054008,0.06087813620706914,1743780374.1740627
3.706209449225872,0.037876822545140625,0.092564945534046,1743780374.2743258
3.746956724560818,0.041628475097937635,0.13329466150853336,1743780374.374885
3.7920311118998584,0.04757432544090946,0.1780680520096169,1743780374.4739513
3.8408999063789517,0.056339791766590486,0.24948423300636616,1743780374.5747132
3.89021047776123,0.0688831462465337,0.32156748825440995,1743780374.6742303
3.938783934392594,0.0850473873423976,0.3939226894243531,1743780374.7740862
3.9862230478128335,0.10471440119497526,0.44653205421350467,1743780374.8751876
4.034162030603063,0.1276275803052625,0.4935543328821971,1743780374.974267
4.082754041542523,0.1537585279851998,0.5453065804363445,1743780375.0754616
4.126841582114022,0.18064395169405706,0.5786493463966422,1743780375.1743402
4.168085193310275,0.20755070628913663,0.5973391103928882,1743780375.2752583
4.2071258474061874,0.2341731859187408,0.6318156719137207,1743780375.374165
4.244994068766089,0.26183865364508674,0.653582304061261,1743780375.4744444
4.285138610874489,0.29256118223048727,0.6798659750650458,1743780375.5740507
4.325740394515386,0.3253696015796894,0.7054943933386728,1743780375.6743813
4.365829403605926,0.35950302022541913,0.731639511419242,1743780375.7743843
4.403403852174729,0.3932733952705784,0.7684680095262134,1743780375.8743472
4.439428906561779,0.42805492877981605,0.7974572079130899,1743780375.9752898
4.475914831684684,0.46539336084896893,0.8246308603089737,1743780376.0752878
4.511962917314605,0.5043812314380053,0.8610007075101453,1743780376.1743214
4.547170421445593,0.5453274668994431,0.896051362049013,1743780376.2752867
4.581123094669717,0.5877773040197057,0.9216935054579554,1743780376.374428
4.61351399640003,0.6304745066728479,0.9443676013642847,1743780376.4760244
4.645077783947306,0.6740748717244166,0.9664863152083836,1743780376.574417
4.672921329254707,0.714511816746208,1.000540316418939,1743780376.6741366
4.695811718080953,0.7502855908355788,1.0203867495971568,1743780376.774297
4.71922081549065,0.7883122060060953,1.032407163472507,1743780376.8741949
4.744668095369611,0.8308905395488497,1.0519628542371282,1743780376.9744217
4.770312014213941,0.8757772905116175,1.0724536554875548,1743780377.0740647
4.7952885680246435,0.9216774774518317,1.0963257214767532,1743780377.1742628
4.819387529802197,0.9685788913499618,1.1134865813657826,1743780377.2740645
4.842871119669822,1.0162952968639043,1.1304307060749164,1743780377.374158
4.865206423539926,1.0637035799468366,1.1535390521370492,1743780377.4742498
4.8860415833783,1.1107038330786885,1.177227027738111,1743780377.5741398
4.906041881465379,1.1588208569449898,1.1961034175640395,1743780377.67406
4.925414993567216,1.2080725310917029,1.2239300122520897,1743780377.7741892
4.943510478936304,1.2581271631067412,1.2498623184951192,1743780377.873914
4.960262285370703,1.3085188537336891,1.271518605730384,1743780377.974368
4.9741685987935,1.3538384814755144,1.291511399999938,1743780378.074203
4.98714282518556,1.3989185944745515,1.3048673207154509,1743780378.17395
5.0006078030210395,1.448287470074321,1.3284134987264424,1743780378.2741685
5.013344177438409,1.4997715816806212,1.3542919695093534,1743780378.3740532
5.0248203557957245,1.5519620003366574,1.3729612264937752,1743780378.4744015
5.0354277796984634,1.6048455440910459,1.3928707548402142,1743780378.5739534
5.044955504771124,1.6578520621358952,1.4139821255151415,1743780378.6740108
5.053229763615322,1.7102178857100279,1.4403572882963365,1743780378.774167
5.059962170942218,1.7615826399285903,1.4636822282596385,1743780378.8739944
5.065507348038695,1.8130305983939279,1.4851721655117998,1743780378.9741127
5.069989221332621,1.8651367736552902,1.508502913516389,1743780379.0739667
5.073264023235172,1.9175582431374014,1.5328587478031732,1743780379.1741304
5.075254354942972,1.9699416734623425,1.5608044945503037,1743780379.2759426
5.075783997831785,2.022434138175619,1.5856513211801784,1743780379.374922
5.075004702213474,2.0758572451156874,1.6095053755124984,1743780379.4739664
5.07293669597784,2.1290257756902626,1.6398544827152708,1743780379.5744061
5.069501516571966,2.1778794426389214,1.6670804534132586,1743780379.674137
5.065328486617687,2.2205788297788405,1.6830534137724813,1743780379.7740092
5.060336778270842,2.2653797011501364,1.698553264404124,1743780379.874028
5.054107929407918,2.3139491801606598,1.7220743766821052,1743780379.9743493
5.046511752168817,2.3638928410620688,1.7490437314648921,1743780380.0738745
5.037302549429152,2.415051557954979,1.777750432509999,1743780380.1742413
5.026346393619761,2.467269898203846,1.799677150915528,1743780380.2742665
5.014272334339207,2.5190496758907623,1.8302607213026432,1743780380.3741767
5.000649109126524,2.5704143526934726,1.8587899856977457,1743780380.4748223
4.985405883618925,2.621895356018787,1.8829665760526295,1743780380.5744417
4.968960256994127,2.6728610065945126,1.9060478857542156,1743780380.6740146
4.9509320307325675,2.7246843230338986,1.9299185504334848,1743780380.7742243
4.931794479321011,2.7756247384710098,1.9599078073904288,1743780380.8741324
4.911452280493172,2.8252738163722215,1.9858957149787533,1743780380.9740303
4.889799664736369,2.8744141094378484,2.009196628062065,1743780381.07385
4.868850914126386,2.9189640963885584,2.0337410354277234,1743780381.1738245
4.849763464336515,2.9571115882154086,2.0505498242336655,1743780381.2743447
4.830062361838559,2.995045071097291,2.070278715728043,1743780381.3742642
4.807153564229147,3.037114137469471,2.100926578432656,1743780381.4741309
4.781195303184066,3.0814356441952135,2.125106697278113,1743780381.574608
4.753549719296707,3.1261132414221806,2.1501856804942845,1743780381.6739874
4.72502255503277,3.1696979373842207,2.1746629594746034,1743780381.7743492
4.695627186271367,3.212326468295966,2.2045246113284205,1743780381.8740704
4.664619825176485,3.2545412982789172,2.230534537006004,1743780381.974322
4.633210511414162,3.294994043868436,2.252848560357652,1743780382.073901
4.602648042229582,3.332577118000046,2.282860594595211,1743780382.1740904
4.5686967498033795,3.3720080936640997,2.3106401513630894,1743780382.2744153
4.530906511046019,3.4134315471504038,2.334281624321883,1743780382.3739676
4.492653718283062,3.4533802363280843,2.3569863059446567,1743780382.473916
4.454608859298486,3.4913601617962917,2.380447857543014,1743780382.5742059
4.417919677964763,3.526267364414328,2.408751105337442,1743780382.6743293
4.381965224340403,3.558626263537246,2.4328973229327473,1743780382.7741213
4.344325155994133,3.5909342576661043,2.455261852824262,1743780382.8738847
4.308676436550127,3.6200608459484482,2.479498324573213,1743780382.9741645
4.2755768332206365,3.6458626265729737,2.496034747914558,1743780383.07421
4.240238535315516,3.6725252188071646,2.5148684998829838,1743780383.1742685
4.200349095409948,3.7014593038423773,2.5432632107404087,1743780383.2739975
4.157631628452255,3.730596186723684,2.5653153272044737,1743780383.3741496
4.113394531312547,3.759372947940262,2.5909511821806896,1743780383.4738712
4.069777702650001,3.7861365590328866,2.616686311587008,1743780383.5745902
4.024826057056412,3.812214919664602,2.6394035917070564,1743780383.6743717
3.9790371653215826,3.8373490846067515,2.6681692877880288,1743780383.774949
3.934160935829851,3.8603335394257305,2.693897887686157,1743780383.8742847
3.8868735994191845,3.883092691773097,2.7175627836914216,1743780383.9739487
3.837433254269837,3.905413731518268,2.740809080084776,1743780384.0745358
3.7869493153506095,3.926819159364125,2.7638582324222507,1743780384.1741412
3.7351599128001545,3.9473770492243827,2.7926940476348627,1743780384.2742727
3.683132302169399,3.966291610653687,2.817746096826197,1743780384.3740478
3.6363981622416017,3.981889964201727,2.8400759973527414,1743780384.474125
3.5908669212140736,3.9960898144351296,2.8555674265447837,1743780384.5753222
3.5476935808896792,4.0087424436418395,2.8796494439799205,1743780384.6742074
3.5039273753294506,4.020530233522248,2.8991162667818555,1743780384.7743514
3.4542623698965347,4.032864568115675,2.928851127810312,1743780384.8743193
3.4008068430721288,4.044420797557,2.9530406095370485,1743780384.9748702
3.3471054331808756,4.054661841188726,2.978145315894499,1743780385.0743108
3.2930016215074818,4.063593618885014,3.0033625334271843,1743780385.1741428
3.240277559655185,4.0709068772552754,3.032381353864548,1743780385.2751215
3.1889335221033437,4.076539193642517,3.058526337191707,1743780385.3741891
3.13766762528444,4.080817960630715,3.082631063549505,1743780385.4741893
3.083767511430426,4.084047660798993,3.113883859582613,1743780385.5742862
3.0293979608542494,4.085544722956659,3.159357297273429,1743780385.6744676
2.9742600462667506,4.084626857844323,3.2114236022837765,1743780385.7738705
2.9184724781017346,4.080703297824338,3.2858995993978377,1743780385.8743632
2.8641820409262913,4.072826805001147,3.3729847727969506,1743780385.9746501
2.8107629026776557,4.060253618257001,3.4362049975038,1743780386.0743666
2.758432954880165,4.044349046135463,3.499360591517326,1743780386.1742694
2.7076275351335846,4.025389674045657,3.5433189539646555,1743780386.2739735
2.6577511194406154,4.004207287029761,3.6150400875932447,1743780386.3743896
2.6109430573794086,3.980260906366637,3.69962920190263,1743780386.4745162
2.5659544611996936,3.9522219756363417,3.772007266592127,1743780386.5741253
2.521572309814094,3.9198785150352853,3.8429606734375095,1743780386.6743283
2.4820234326682695,3.886329420653949,3.9141646442784683,1743780386.773872
2.447401522226858,3.852711426951482,3.9814929406724375,1743780386.8740742
2.410881565278564,3.8120937838571685,4.041048831383957,1743780386.9741714
2.3749915391945824,3.7668998480060205,4.086309284134244,1743780387.0738757
2.3418445650345947,3.721053157087322,4.127840121856466,1743780387.1742795
2.312144778393925,3.6760881168940074,4.164613069356995,1743780387.273886
2.2855209303266686,3.6324305406299273,4.196534652271948,1743780387.374321
2.2601399627758445,3.5877172223764537,4.225024785692682,1743780387.4742002
2.2354924236785494,3.541241539155098,4.253684483418819,1743780387.5747573
2.2112643211125023,3.492251341797408,4.282801375804703,1743780387.6740916
2.1910992006501773,3.447962008406164,4.311804940334842,1743780387.7749367
2.1727710141057566,3.4048484301255635,4.330327164507839,1743780387.8744118
2.154233141028654,3.3587297179883393,4.357996652592661,1743780387.9740264
2.136272951760766,3.310286935022409,4.384874858461031,1743780388.074982
2.1194630962935572,3.260799100207928,4.4098189784838935,1743780388.1742358
2.103832445817166,3.210769385819542,4.4318986784696355,1743780388.2740805
2.0888864932905333,3.15895709813713,4.4534428593235065,1743780388.3742402
2.0742387904848982,3.103852996737751,4.4739523539176185,1743780388.4737298
2.0595925714618493,3.0437845432007204,4.513042772346209,1743780388.5744817
2.0460371475772963,2.977213983182612,4.561905183250266,1743780388.6742895
2.035304597819287,2.9049685770829816,4.611215100471192,1743780388.774232
2.0271942562459007,2.82434442509581,4.660359452208759,1743780388.8743417
2.0220892980587615,2.724341470939934,4.687274447282547,1743780388.9743383
2.019652316354793,2.624259017238865,4.694489375362099,1743780389.073976
2.01798434501866,2.5291300176690443,4.694178863541826,1743780389.1739337
2.016588095018769,2.450247915736393,4.686962827848844,1743780389.2742243
2.014697884526465,2.3756457805464035,4.680422543161869,1743780389.3739622
2.012242831518337,2.2989585264237835,4.665256110789707,1743780389.4742928
2.0087207895536436,2.224537184230488,4.652146707330361,1743780389.5742087
2.004311572288524,2.1514355372470204,4.6481795585250385,1743780389.6744797
1.9996415130602685,2.078809083278975,4.605352732968753,1743780389.774311
1.9925439571183758,2.0138898383459782,4.463609057158494,1743780389.8741493
1.977436559551002,1.9537319212174047,4.354714704485458,1743780389.9740026
1.9531552107172416,1.8886615963280717,4.312854082831062,1743780390.0750597
1.925851523208965,1.8240231251339594,4.26935362566116,1743780390.1745555
1.895519561778583,1.7599735271774044,4.230487473994378,1743780390.2741203
1.8619925262181605,1.6958792422389368,4.221447882848623,1743780390.374102
1.8296052331063128,1.635346648011343,4.241598903806411,1743780390.4746218
1.8001448542389222,1.5774550296595122,4.260575290919363,1743780390.5739863
1.776180400339155,1.5279060566338243,4.269421374639925,1743780390.674326
1.756861390289865,1.4871286766638294,4.271838353143746,1743780390.7744277
1.736357865920762,1.4436820136713675,4.273254989117345,1743780390.8743362
1.7107285080074452,1.3891563771615707,4.267535926394704,1743780390.974485
1.6866417513720406,1.3386636830990952,4.242331372196025,1743780391.0742073
1.6627953245842717,1.291651442441666,4.2299350168592955,1743780391.174338
1.6367544952822723,1.241895969308026,4.212863824619858,1743780391.2749476
1.6091639071353345,1.1913182229576398,4.19511412437108,1743780391.374015
1.5812307557466543,1.142246499809451,4.179557903972177,1743780391.4738474
1.5537608892362322,1.0956890147662517,4.1684813929431215,1743780391.5744302
1.5266150590014846,1.0508095988398025,4.161484485425439,1743780391.6742277
1.499695521723602,1.0069927580381672,4.1541370889175955,1743780391.7739305
1.4733157844312132,0.9647589217523258,4.148234505952375,1743780391.8738933
1.447877009523214,0.9245586303482742,4.143808082225217,1743780391.9749079
1.4227841635805754,0.885286870854186,4.1403308416625295,1743780392.074211
1.400948806114684,0.8514012126322354,4.135831540243164,1743780392.1742644
1.3794113517390987,0.818263061288314,4.132488245805616,1743780392.274057
1.3561754389220584,0.7827842908434804,4.1274435591641145,1743780392.3739731
1.3324679933734616,0.7469861452885432,4.122413019842096,1743780392.4741101
1.3086970247634573,0.7114831405400363,4.117121662169157,1743780392.5740175
1.2847620441713847,0.6761412265775402,4.111841552625187,1743780392.6740906
1.2603460227021617,0.640492102727117,4.106835594926194,1743780392.7740958
1.236056708499177,0.6054129434155224,4.101545732101533,1743780392.8741086
1.2124737689091143,0.5717353001228106,4.097163497824543,1743780392.974226
1.1894487847039528,0.5391560734694765,4.093300286316547,1743780393.0742698
1.166795064357822,0.5073606741227006,4.089878551665801,1743780393.1745079
1.144759790547211,0.4766568214573209,4.08680656551076,1743780393.2746692
1.1234656030351242,0.4471769537888608,4.084097524571727,1743780393.3745542
1.1027021290410501,0.4185970048029002,4.081941727521285,1743780393.4741542
1.082364231383788,0.3907301399027529,4.079866140221255,1743780393.5739565
1.0619531003545726,0.36288317018032973,4.077838336822358,1743780393.6743472
1.0428085493387118,0.3368805472265119,4.107454060078736,1743780393.7740629
1.0258053444029258,0.3122756646742816,4.159742355729692,1743780393.8742492
1.0096713803681894,0.2861697755909886,4.2115943981637765,1743780393.9745364
0.9943543933612846,0.25821081905766136,4.246144468009033,1743780394.0743024
0.9796086752325693,0.22898401979245267,4.298165323480041,1743780394.173866
0.9658563639788763,0.19776788614563617,4.350246573119417,1743780394.274208
0.9540441493835624,0.16653451617330564,4.40188641053898,1743780394.3740401
0.9439326032924326,0.13511443828724726,4.453785726176189,1743780394.4739392
0.9357731597718664,0.10413031981096671,4.50612188275769,1743780394.5742574
0.9296698481132024,0.07495936740023013,4.557827884314129,1743780394.674356
0.9254438214095511,0.047589159064414424,4.609614889455276,1743780394.7743385
0.9229485073897623,0.02305107728788378,4.661645183353131,1743780394.8750846
0.9214779518876349,-0.004077380961249421,4.713669022285706,1743780394.9746716
0.9214950130621948,-0.03594911910927331,4.765990542960007,1743780395.0740287
0.9231837962844127,-0.06699485817951867,4.818405090536442,1743780395.1743968
0.9261582503691107,-0.09456088903467573,4.870130647708459,1743780395.2753127
0.9299710738252481,-0.11832287344823109,4.922003106531304,1743780395.3740413
0.9346355245514564,-0.14029834821728002,4.9570464004480845,1743780395.4743123
0.940718944742876,-0.16494126027431,4.991555789357952,1743780395.5741873
0.9483591601710454,-0.1916130575572781,5.043575285495631,1743780395.674613
0.9572735605445664,-0.21757947626242902,5.095324884558668,1743780395.774331
0.967668549767942,-0.24342917917442303,5.147625689815364,1743780395.874766
0.9796832288516558,-0.269308383289226,5.199457527435043,1743780395.9741557
0.9940653596495298,-0.2965941716974574,5.2517019546378325,1743780396.0738466
1.0102519590529306,-0.3235997749898214,5.3353596309526425,1743780396.1740584
1.0272809131814513,-0.3472942531502758,5.434122531450263,1743780396.2739463
1.0449007103125585,-0.3672338773129834,5.528207764846691,1743780396.3742602
1.0615266054189147,-0.3828799626889571,5.618229300133924,1743780396.4743433
1.0779818366406968,-0.3955829575946115,5.705267663434461,1743780396.5739288
1.098956647818713,-0.409327018380935,5.789752824505872,1743780396.6739511
1.12904850722904,-0.42541132708756674,5.852355493011186,1743780396.7745936
1.1583509841230824,-0.4388854342982088,5.902105415362191,1743780396.8742025
1.1896602129189418,-0.4514213671645343,5.9448418672066525,1743780396.9747992
1.2200478507201624,-0.4620752274887872,5.969820337655563,1743780397.0739045
1.2505497219825414,-0.4719837383244087,5.991330986209604,1743780397.1740987
1.2848525806118722,-0.48232500140147344,6.0205634790300016,1743780397.2743957
1.3220729001071088,-0.49235253760562686,6.05184212441809,1743780397.3738778
1.36138768979552,-0.5016390690502684,6.086224381463891,1743780397.4742184
1.4038580074294678,-0.5101611245102887,6.123268626286997,1743780397.5741005
1.4491326121638193,-0.5174884923310198,6.163302727973938,1743780397.6741118
1.4943379457224748,-0.522906875754469,6.2021155147307985,1743780397.774322
1.5397354589436882,-0.5266093244825312,6.237819774712288,1743780397.8739552
1.5861803888466801,-0.5286686543560047,6.270695929700089,1743780397.9749675
1.6334490691055303,-0.529186217026101,6.299840991251735,1743780398.0743258
1.6864311953533986,-0.5282902767026417,6.326224813234758,1743780398.1757987
1.7406195362512318,-0.5258732285330256,6.307704529332492,1743780398.2740004
1.789412748742555,-0.5246811374927355,6.15257418348372,1743780398.3738782
1.838289551072013,-0.5309806348524152,5.904071580102571,1743780398.4742444
1.891035783816503,-0.5518682656895755,5.638950389085316,1743780398.5746255
1.9485169871972043,-0.5950249254141908,5.46006242172224,1743780398.6742527
1.9997067328244933,-0.6503111343696557,5.284388935643681,1743780398.7740383
2.031930532914268,-0.7003329929630051,5.04152421461245,1743780398.8739011
2.0528101804689456,-0.7615126343281753,4.849402767636946,1743780398.974249
2.062682311646084,-0.8329773836742215,4.7227910566354145,1743780399.0744278
2.0634473670292177,-0.9091647869532475,4.620889883719651,1743780399.1741905
2.056872826976191,-0.9806596433099344,4.51243601281625,1743780399.2740045
2.0430406524730134,-1.0486828175290028,4.419230108400186,1743780399.374358
2.024899727370352,-1.108492640003142,4.3476561131225795,1743780399.4739165
2.0052522836160107,-1.1599026041416454,4.277429081778044,1743780399.5743299
1.9831814528287213,-1.2073744128155488,4.190957901055935,1743780399.6743734
1.9584137091108147,-1.2505369503243582,4.1010279013937145,1743780399.774204
1.9311478116192122,-1.2894671381519165,4.014524281339002,1743780399.874861
1.9012366495844015,-1.3251693943816722,3.927531373692841,1743780399.975355
1.8678480271473794,-1.3586137132223421,3.839223342714905,1743780400.0744734
1.8315734122940563,-1.3890121122731043,3.756421392666977,1743780400.1746507
1.794702153571055,-1.4150062813481539,3.684311825785768,1743780400.2755213
1.7576104658324967,-1.4374158465925138,3.6412422345942606,1743780400.374559
1.719197844887006,-1.458377913384922,3.5806164187227023,1743780400.47454
1.681337032121104,-1.4761445073606283,3.5265841578746113,1743780400.5744808
1.644110472226202,-1.4912292907541207,3.4782035378209057,1743780400.674179
1.6072395037809346,-1.5041282987270068,3.4335702678799365,1743780400.7741072
1.5720112899487209,-1.5146811694779874,3.3871340588992274,1743780400.8742397
1.5387018194883537,-1.5230140779030368,3.3401570595693277,1743780400.974159
1.5055982443602045,-1.5296760765117878,3.297600257091268,1743780401.073964
1.4733875977417181,-1.5347101361746571,3.2574851534456313,1743780401.1741378
1.4425302834380176,-1.5382867795354063,3.2186360387239237,1743780401.274125
1.411761855395226,-1.5406574601254461,3.1820002003498744,1743780401.3750563
1.3808994332251987,-1.541895886666702,3.149292654575694,1743780401.4741597
1.3503040066334804,-1.5421212697056579,3.1189943366654878,1743780401.5744915
1.322611723498794,-1.541442479660738,3.090887509141037,1743780401.6745832
1.2985298014453335,-1.5401910628610145,3.0731092854744007,1743780401.7741604
1.2746277972035644,-1.5385596006606912,3.056649319888394,1743780401.8740895
1.2485772576750553,-1.5363541553018623,3.033467368997048,1743780401.9744527
1.2209677343794707,-1.533360806340259,3.011328853868768,1743780402.0740407
1.1926223705869636,-1.529651189913675,2.989885410227791,1743780402.1741846
1.1641973803940004,-1.5253039108968254,2.968832599172247,1743780402.2738986
1.1355471403953727,-1.5203103899589092,2.9464628552203083,1743780402.3741746
1.1079511522684,-1.5148423414196437,2.914207541769835,1743780402.4737656
1.082184174700132,-1.5088688628517524,2.8951571263434044,1743780402.5742378
1.0578143101431363,-1.502737636290882,2.878510112851312,1743780402.6742513
1.0346042338963692,-1.4964852205210621,2.8624996556727518,1743780402.7739909
1.0126428357086834,-1.4901894095511765,2.847973917268222,1743780402.8744433
0.9917506943382346,-1.4838724871830336,2.8372130233252135,1743780402.9740367
0.9715243410530175,-1.4775193202481518,2.8285609258354314,1743780403.074334
0.951661344672245,-1.4710905790015423,2.819053565658423,1743780403.1741548
0.9343283967258577,-1.4652826661634866,2.809210142150464,1743780403.2738905
0.9173481783365458,-1.4594286750039087,2.8030229481402307,1743780403.3743236
0.8990872143059407,-1.4530001178556606,2.794094983661878,1743780403.4742336
0.8806819712761589,-1.4463310616595455,2.7847062909747753,1743780403.5741065
0.8624381061790357,-1.4395263140425871,2.775029186658284,1743780403.67429
0.8443881747509812,-1.4325931902081452,2.766288499308467,1743780403.7749135
0.8264094961780712,-1.425507842813749,2.7578069834547114,1743780403.8739688
0.8088096621097097,-1.41839660223734,2.7493482930570954,1743780403.97391
0.791589050470703,-1.4112704342559734,2.7419240963480522,1743780404.073985
0.7750930098693092,-1.4042987262251336,2.7354870139922305,1743780404.1743166
0.7592475970487408,-1.3974836557490005,2.7296702639346213,1743780404.274151
0.7437304594535231,-1.3907032723974753,2.7242243743328673,1743780404.3743393
0.728577650877429,-1.383984577524292,2.7192867483027885,1743780404.4741323
0.7138119498554392,-1.3773502605326318,2.7147390755032537,1743780404.5743234
0.6993882270913057,-1.3707915144590173,2.710366517602885,1743780404.674287
0.6852051682675235,-1.3642672109497735,2.7060643729817344,1743780404.774329
0.6730243851084361,-1.3585951657840483,2.701925367381104,1743780404.874854
0.6628349149957581,-1.353801587786117,2.699281683957032,1743780404.9743185
0.6519398507888954,-1.348645880676845,2.6967080799727086,1743780405.0744948
0.6398655409252954,-1.342890970865451,2.6929950709566435,1743780405.174249
0.6274766355986925,-1.336928553447448,2.6894912655346395,1743780405.2741647
0.6148669359525378,-1.3308054698662446,2.6862548194735183,1743780405.3740916
0.6020466438806981,-1.324528192434827,2.6831507844588383,1743780405.4742315
0.5893334267346015,-1.318253618233676,2.6799260680888235,1743780405.5743756
0.5769208152581404,-1.3120773902388496,2.6769482459026492,1743780405.6742132
0.564939148005783,-1.3060708111118489,2.6743918873015047,1743780405.7740257
0.5534355400280263,-1.3002671170339701,2.6720619395915826,1743780405.8739567
0.5423454915762691,-1.2946397242967644,2.669854912892781,1743780405.9745462
0.5315865248154147,-1.289150744665578,2.6678534002507464,1743780406.0744421
0.5210711896575818,-1.2837597702399415,2.6660329433137315,1743780406.174106
0.510727037212706,-1.2784330966699866,2.664312952797404,1743780406.2743094
0.500525754882771,-1.2731579044218875,2.662643246293808,1743780406.3739574
0.49185730452010906,-1.2686553019587918,2.661039838905002,1743780406.4744658
0.4833845851412359,-1.2642398285306446,2.6600294159308144,1743780406.574096
0.47430935540167796,-1.2594976651446974,2.6585549656245226,1743780406.6744325
0.4651808721327801,-1.254710282236837,2.6571433357126835,1743780406.7740326
0.4561075549790778,-1.2499353959389663,2.655790427208823,1743780406.8738174
0.44698678624303484,-1.2451197693741405,2.654569401558732,1743780406.9738803
0.437933370012539,-1.2403254364293537,2.6533549026376466,1743780407.0742087
0.42906767445579547,-1.2356166196666682,2.6521711067453406,1743780407.1741989
0.42042338266353935,-1.2310122376337105,2.651118930910963,1743780407.2741632
0.41198256708866177,-1.2265048524071158,2.650175827047106,1743780407.3740926
0.4037592558990044,-1.2221036498532207,2.649286535194195,1743780407.474036
0.3957705183577722,-1.2178188705852935,2.6484467322322747,1743780407.5739145
0.3879540820377814,-1.2136181390028478,2.6476807599279732,1743780407.6743503
0.3812032318100391,-1.2099828944261282,2.6469732728037902,1743780407.775283
0.37554528890057864,-1.206931343119245,2.646519817610913,1743780407.8743196
0.3694584831842284,-1.203645479524272,2.6460719944744264,1743780407.9741693
0.3627157582478601,-1.2000012736663197,2.6454519408860837,1743780408.0740597
0.3567890043883682,-1.1967929030126574,2.6448652091778797,1743780408.1745188
0.35072475598576575,-1.1935061578860091,2.644493207081862,1743780408.2744482
0.34396090016473607,-1.1898366733456185,2.643940693112856,1743780408.3745816
0.33699718106450627,-1.1860536816334042,2.643363015923442,1743780408.47447
0.330051934339921,-1.1822754549871723,2.6427937256600513,1743780408.5741556
0.3231827124018782,-1.1785335341709133,2.642317190295861,1743780408.6742647
0.3164189202721346,-1.1748448684283068,2.6418523661082225,1743780408.7742453
0.3098595176181794,-1.171263737574129,2.641397793992303,1743780408.8739874
0.3035603987577764,-1.16782102067425,2.6410025765021423,1743780408.9745986
0.2975370345477534,-1.1645259303656603,2.6406649492070637,1743780409.073831
0.2917686553423904,-1.1613677827257687,2.640346499525927,1743780409.174216
0.2861501393976431,-1.1582893551001587,2.6400450478538553,1743780409.2738905
0.2807022218482354,-1.1553022365342775,2.6397649429027172,1743780409.3744526
0.2760501634799075,-1.1527496390978638,2.639506711476719,1743780409.4741876
0.2720847052901576,-1.1505725309014683,2.63933724875336,1743780409.5743492
0.2677059520018597,-1.1481676972169406,2.6391711229104517,1743780409.6742928
0.26277641241683186,-1.1454592254450013,2.638930031491811,1743780409.7743423
0.2576648472213277,-1.1426491310246718,2.638702735338047,1743780409.8741806
0.25246062958364707,-1.1397865739097948,2.6384880808558036,1743780409.9739387
0.2472233383520044,-1.13690434205467,2.638277318821118,1743780410.0743303
0.24206950768219146,-1.1340666195834062,2.6380601264800254,1743780410.1742795
0.23708852838106578,-1.1313226331957291,2.6378579305285252,1743780410.2742922
0.23239908380285415,-1.1287380015115542,2.637683028175845,1743780410.3740978
0.22786013372346425,-1.1262352835311988,2.6375229346091333,1743780410.474866
0.2233090748523831,-1.1237249683772452,2.6373743892466575,1743780410.5740926
0.21882494159507695,-1.1212507008451185,2.6372380160277618,1743780410.6740513
0.21459441800406007,-1.1189156146515826,2.637116492863858,1743780410.77473
0.21048377783521413,-1.11664604819156,2.637003334760195,1743780410.8741634
0.2064228205264574,-1.1144032985064258,2.6368929216607184,1743780410.9740057
0.20292524318996016,-1.1124711441862365,2.6367876811260214,1743780411.074443
0.1999272900332926,-1.1108146080930228,2.636720640663528,1743780411.1743479
0.19722185821615526,-1.1093194750644026,2.6366557526561425,1743780411.2742648
0.1941746067246047,-1.1076352048650977,2.6365931471855424,1743780411.3747022
0.19067667770466387,-1.1057015298202273,2.636503413747351,1743780411.4739804
0.18698527117073435,-1.1036604617199437,2.636418874910738,1743780411.5740335
0.18318900851953646,-1.1015610003722915,2.6363385854617176,1743780411.6742911
0.17930399352772428,-1.0994120435523416,2.6362549967638906,1743780411.7741077
0.1755039431746086,-1.0973096651976035,2.636171825333803,1743780411.8740993
0.17187494372447745,-1.0953015189198123,2.6360965001569983,1743780411.974196
0.16841760225452232,-1.0933880243421756,2.636030964488057,1743780412.0742624
0.16504625404401985,-1.0915218335713246,2.635970808956357,1743780412.174063
0.1617789118892486,-1.0897129651845052,2.6359150202507022,1743780412.274398
0.1585829168011504,-1.0879433616188727,2.635865649776565,1743780412.3742075
0.15557477834297948,-1.0862775784201728,2.6358209353888244,1743780412.4744473
0.1526006470598307,-1.0846304539971818,2.635778842795084,1743780412.573965
0.1496178584710572,-1.0829783703381284,2.6357378139415433,1743780412.6743104
0.1470417150882759,-1.0815513673511106,2.6356988515621786,1743780412.774281
0.14451727528811117,-1.0801528956310589,2.6356737299727278,1743780412.8745537
0.14179617496292854,-1.078645382119669,2.635637177569621,1743780412.9740603
0.1390236548294984,-1.0771092483319442,2.6356014358654396,1743780413.0740168
0.13629890152341237,-1.075599452134003,2.6355677182154134,1743780413.1745517
0.13360299911939177,-1.0741055236785575,2.6355371498480364,1743780413.2745748
0.13092191518014476,-1.0726196976613958,2.635506341210632,1743780413.373961
0.12830549606910457,-1.0711696013588576,2.63547614933416,1743780413.4741852
0.12576406736359602,-1.0697609663124101,2.6354497124236196,1743780413.5740433
0.12328589321961571,-1.0683873056980366,2.6354260217761425,1743780413.6741118
0.12088435852118629,-1.0670560506221138,2.6354037006521747,1743780413.7743084
0.11852782407552499,-1.0657496736189451,2.6353828104797574,1743780413.8743231
0.11616555897687886,-1.0644400545507222,2.6353637846901257,1743780413.9739163
0.11388091378450538,-1.063173411211061,2.6353461518076484,1743780414.0741212
0.1116294371665363,-1.0619251046446452,2.6353292105255153,1743780414.17415
0.10945584121075881,-1.0607199299228125,2.635312895852163,1743780414.2742903
0.10756622384304537,-1.0596721670217153,2.6352974893469097,1743780414.3741105
0.10598480180924862,-1.0587952638972704,2.6352876224885686,1743780414.4743264
0.1043051851129316,-1.0578638923731658,2.6352781709464805,1743780414.5740159
0.1023877617052668,-1.0568006272291088,2.6352644962692775,1743780414.6742992
0.10040666420209665,-1.05570201782383,2.635251715496128,1743780414.7741733
0.09843396668373966,-1.0546080335360097,2.635239761617478,1743780414.8740659
0.09645012066727374,-1.0535078352101497,2.6352281970568203,1743780414.9745562
0.09445444497894188,-1.0524010457436608,2.6352161677859622,1743780415.0742888
0.09249936437597688,-1.0513167389833205,2.6352049019625943,1743780415.174076
0.09065273408896131,-1.0502925524114173,2.6351951867770795,1743780415.2741208
0.08887874523266012,-1.0493086316292053,2.635186308271961,1743780415.3740413
0.0871644574991666,-1.048357803296779,2.6351779213074122,1743780415.4747715
0.0854788541511659,-1.0474228662394136,2.6351703088215825,1743780415.5744138
0.08379747026009386,-1.0464902530583078,2.6351634056523374,1743780415.674542
0.08215663502191721,-1.0455801163538576,2.635156937207736,1743780415.7741084
0.08070106915772572,-1.0447727311647121,2.635150708075809,1743780415.8743668
0.07951256093794777,-1.0441134703426305,2.6351467299992146,1743780415.974115
0.07825630910352528,-1.043416627132323,2.6351429475314943,1743780416.0741556
0.07680328263346593,-1.0426106245512965,2.6351375159301753,1743780416.174386
0.07534281815599844,-1.041800485958018,2.635132274679928,1743780416.2742205
0.07384920379594545,-1.0409719482797144,2.635127263552592,1743780416.3742802
0.07235049977617902,-1.0401405774704382,2.635122408302929,1743780416.4743593
0.07087152000601958,-1.0393201384795236,2.635117376953767,1743780416.5742528
0.06947141789882343,-1.0385434461553162,2.635112658323592,1743780416.6743946
0.06804789027751694,-1.0377537503544465,2.635108563790597,1743780416.7743883
0.06665972512141646,-1.0369836640898666,2.635104840332592,1743780416.874069
0.06536728139149954,-1.036266672984751,2.635101357856433,1743780416.9743032
0.06408963313977462,-1.0355578839463733,2.635098208181647,1743780417.074523
0.06282577129279265,-1.0348567381225653,2.635095385778243,1743780417.1740797
0.061578431525691105,-1.0341647533070568,2.635092760786097,1743780417.2740412
0.06040978445276977,-1.0335164206907426,2.635090200784542,1743780417.3740854
0.05922135537820299,-1.032857109994216,2.6350877548405114,1743780417.4740257
0.0581417943807734,-1.0322581924927856,2.6350854330017706,1743780417.5742183
0.05719104463927397,-1.0317307345838598,2.635083935246008,1743780417.6742122
0.05615196567332233,-1.0311542708320682,2.635081740795659,1743780417.7744036
0.055064479360523916,-1.0305509481028634,2.635079647590298,1743780417.8749237
0.05401964062620038,-1.0299712828352943,2.6350776900667707,1743780417.9739802
0.05296014443355722,-1.029383483210311,2.6350758803311893,1743780418.074405
0.051874042285663564,-1.028780920210062,2.635074091377248,1743780418.17431
0.0508019694488374,-1.0281861378795947,2.635072355830127,1743780418.2746758
0.04977941906956505,-1.0276188282534036,2.635070842953892,1743780418.3740606
0.048808131977126475,-1.0270799574638825,2.635069454846321,1743780418.4739578
0.047863969205456686,-1.02655613348563,2.635068153032005,1743780418.5745268
0.04692913093267374,-1.026037481008926,2.63506693852917,1743780418.674305
0.045985539107646384,-1.025513970697473,2.6350658136368668,1743780418.7741406
0.04506401384436172,-1.0250027015770793,2.6350647608927846,1743780418.8743057
0.04417338271005743,-1.0245085715870779,2.6350637469735942,1743780418.9743195
0.043415382436392716,-1.0240880253825446,2.6350627769458477,1743780419.0742667
